,Artist,Song,like_count,view_count,comment_count,lyrics,sentiment_positive,sentiment_neutral,sentiment_negative,sentiment_compound,lexical_richness,song_length,sentiment_compound_absolute
1,Ed Sheeran,Shape of You,32323299,6149151955,1146136,"A club isn't the best place to find a lover So the bar is where I go (Mm) Me and my friends at the table doin' shots Drinkin' fast and then we talk slow (Mm) And you come over and start up a conversation with just me And trust me, I'll give it a chance now (Mm) Take my hand, stop, put Van the Man on the jukebox And then we start to dance and now I'm singin' like Girl, you know I want your love Your love was handmade for somebody like me Well, come on now, follow my lead I may be crazy, don't mind me Say, ""Boy, let's not talk too much"" Grab on my waist and put that body on me Well, come on now, follow my lead Come, come on now, follow my lead, mm I'm in love with the shape of you We push and pull like a magnet do Although my heart is fallin' too I'm in love with your body And last night, you were in my room And now my bed sheets smell like you Every day, discoverin' somethin' brand new Well, I'm in love with your body Oh, I, oh, I, oh, I, oh, I Well, I'm in love with your body Oh, I, oh, I, oh, I, oh, I Well, I'm in love with your body Oh, I, oh, I, oh, I, oh, I Well, I'm in love with your body Every day, discoverin' somethin' brand new I'm in love with the shape of you One week in, we let the story begin We're goin' out on our first date (Mm) You and me are thrifty, so go all-you-can-eat Fill up your bag and I fill up a plate (Mm) We talk for hours and hours about the sweet and the sour And how your family is doin' okay (Mm) And leave and get in a taxi, and kiss in the back seat Tell the driver make the radio play and I'm singin' like Girl, you know I want your love Your love was handmade for somebody like me Well, come on now, follow my lead I may be crazy, don't mind me Say, ""Boy, let's not talk too much"" Grab on my waist and put that body on me Well, come on now, follow my lead Come, come on now, follow my lead, mm I'm in love with the shape of you We push and pull like a magnet do Although my heart is fallin' too I'm in love with your body And last night, you were in my room And now my bed sheets smell like you Every day, discoverin' somethin' brand new Well, I'm in love with your body Oh, I, oh, I, oh, I, oh, I Well, I'm in love with your body Oh, I, oh, I, oh, I, oh, I Well, I'm in love with your body Oh, I, oh, I, oh, I, oh, I Well, I'm in love with your body Every day, discoverin' somethin' brand new I'm in love with the shape of you Come on, be my baby, come on Come on, be my baby, come on Come on, be my baby, come on Come on, be my baby, come on Come on, be my baby, come on Come on, be my baby, come on Come on, be my baby, come on Come on, be my baby, come on I'm in love with the shape of you We push and pull like a magnet do Although my heart is fallin' too I'm in love with your body And last night, you were in my room And now my bed sheets smell like you Every day, discoverin' somethin' brand new Well, I'm in love with your body Come on, be my baby, come on Come on, be my baby, come on I'm in love with your body Come on, be my baby, come on Come on, be my baby, come on I'm in love with your body Come on, be my baby, come on Come on, be my baby, come on I'm in love with your body Every day, discoverin' somethin' brand new I'm in love with the shape of you",0.229,0.757,0.014,0.9995,23,699,0.9995
4,Maroon 5,Sugar,15906928,3972703093,418290,"I'm hurting, baby, I'm broken down I need your loving, loving, I need it now When I'm without you, I'm something weak You got me begging, begging, I'm on my knees I don't wanna be needing your love I just wanna be deep in your love And it's killing me when you're away Ooh, baby 'Cause I really don't care where you are I just wanna be there where you are And I gotta get one little taste Your sugar, yes, please Won't you come and put it down on me? I'm right here, 'cause I need Little love, a little sympathy Yeah, you show me good loving, make it alright Need a little sweetness in my life Your sugar, yes, please Won't you come and put it down on me? Babe, my broken pieces, you pick them up Don't leave me hanging, hanging, come give me some When I'm without you, I'm so insecure You are the one thing, one thing I'm living for I don't wanna be needing your love I just wanna be deep in your love And it's killing me when you're away Ooh, baby 'Cause I really don't care where you are I just wanna be there where you are And I gotta get one little taste Sugar, yes, please Won't you come and put it down on me? I'm right here, 'cause I need Little love, a little sympathy Yeah, you show me good loving, make it alright Need a little sweetness in my life Your sugar, yes, please (Your sugar, yes, please) Won't you come and put it down on me? Yeah I want that red velvet, I want that sugar sweet Don't let nobody touch it unless that somebody's me I gotta be a man, there ain't no other way 'Cause girl, you're hotter than a Southern California day Never wanna play no games, you don't gotta be afraid Don't give me all that shy shit No makeup on, that's my sugar Sugar, yes, please (Please) Won't you come and put it down on me? (Down on me) I'm right here, 'cause I need (I'm right here, 'cause I need) Little love, a little sympathy Yeah, you show me good loving, make it alright Need a little sweetness in my life (Yeah) Your sugar, yes, please (Your sugar, yes, please) Won't you come and put it down on me? (Down on me) Sugar, yes, please Won't you come and put it down on me? (Down on me!) I'm right here, 'cause I need (I'm right here, 'cause I need) Little love, a little sympathy Yeah, you show me good loving, make it alright Need a little sweetness in my life Your sugar, yes, please (Your sugar, yes, please) Won't you come and put it down on me? (Down on me, down on me, ooh)",0.289,0.642,0.07,0.9988,29,472,0.9988
5,OneRepublic,Counting Stars,17490906,3927278630,488707,"Lately, I've been, I've been losin' sleep Dreamin' about the things that we could be But baby, I've been, I've been prayin' hard Said, ""No more countin' dollars, we'll be countin' stars"" Yeah, we'll be countin' stars I see this life, like a swinging vine Swing my heart across the line And in my face is flashing signs Seek it out and ye' shall find Old, but I'm not that old Young, but I'm not that bold And I don't think the world is sold On just doing what we're told I feel something so right doin' the wrong thing I feel something so wrong doin' the right thing I couldn't lie, couldn't lie, couldn't lie Everything that kills me makes me feel alive Lately, I've been, I've been losin' sleep Dreamin' about the things that we could be But baby, I've been, I've been prayin' hard Said no more countin' dollars, we'll be countin' stars Lately, I've been, I've been losin' sleep Dreamin' about the things that we could be But baby, I've been, I've been prayin' hard Said, ""No more countin' dollars, we'll be, we'll be countin' stars"" I feel your love and I feel it burn Down this river, every turn Hope is our four-letter word Make that money, watch it burn Old, but I'm not that old Young, but I'm not that bold And I don't think the world is sold I'm just doing what we're told I feel something so wrong doin' the right thing I couldn't lie, couldn't lie, couldn't lie Everything that downs me makes me wanna fly Lately, I've been, I've been losin' sleep Dreamin' about the things that we could be But baby, I've been, I've been prayin' hard Said no more countin' dollars, we'll be countin' stars Lately, I've been, I've been losin' sleep Dreamin' about the things that we could be But baby, I've been, I've been prayin' hard Said, ""No more countin' dollars, we'll be, we'll be countin' stars"" Take that money, watch it burn Sink in the river, the lessons I've learned Take that money, watch it burn Sink in the river, the lessons I've learned Take that money, watch it burn Sink in the river, the lessons I've learned Take that money, watch it burn Sink in the river, the lessons I've learned Everything that kills me makes me feel alive Lately, I've been, I've been losin' sleep Dreamin' about the things that we could be But baby, I've been, I've been prayin' hard Said no more countin' dollars, we'll be countin' stars Lately, I've been, I've been losin' sleep Dreamin' about the things that we could be But baby, I've been, I've been prayin' hard Said, ""No more countin' dollars, we'll be, we'll be counting stars"" Take that money, watch it burn Sink in the river, the lessons I've learned Take that money, watch it burn Sink in the river, the lessons I've learned Take that money, watch it burn Sink in the river, the lessons I've learned Take that money, watch it burn Sink in the river, the lessons I've learned",0.04,0.856,0.104,-0.9831,21,517,0.9831
6,Katy Perry,Roar,16595850,3918599134,774322,"I used to bite my tongue and hold my breath Scared to rock the boat and make a mess So I sat quietly, agreed politely I guess that I forgot I had a choice I let you push me past the breaking point I stood for nothing, so I fell for everything You held me down, but I got up (Hey) Already brushing off the dust You hear my voice, you hear that sound Like thunder, gonna shake the ground You held me down, but I got up (Hey) Get ready 'cause I've had enough I see it all, I see it now I got the eye of the tiger, a fighter Dancing through the fire 'Cause I am a champion, and you're gonna hear me roar Louder, louder than a lion 'Cause I am a champion, and you're gonna hear me roar Oh-oh-oh-oh-oh-oh-oh Oh-oh-oh-oh-oh-oh-oh Oh-oh-oh-oh-oh-oh-oh You're gonna hear me roar Now I'm floating like a butterfly Stinging like a bee, I earned my stripes I went from zero, to my own hero You held me down, but I got up (Hey) Already brushing off the dust You hear my voice, you hear that sound Like thunder, gonna shake the ground You held me down, but I got up (Got up) Get ready 'cause I've had enough I see it all, I see it now I got the eye of the tiger, a fighter Dancing through the fire 'Cause I am a champion, and you're gonna hear me roar Louder, louder than a lion 'Cause I am a champion, and you're gonna hear me roar Oh-oh-oh-oh-oh-oh-oh Oh-oh-oh-oh-oh-oh-oh Oh-oh-oh-oh-oh-oh-oh You're gonna hear me roar Oh-oh-oh-oh-oh-oh-oh Oh-oh-oh-oh-oh-oh-oh (You'll hear me roar) Oh-oh-oh-oh-oh-oh-oh You're gonna hear me roar Roar, roar, roar, roar, roar I got the eye of the tiger, a fighter Dancing through the fire 'Cause I am a champion, and you're gonna hear me roar Oh, louder, louder than a lion 'Cause I am a champion, and you're gonna hear me roar Oh-oh-oh-oh-oh-oh-oh Oh-oh-oh-oh-oh-oh-oh Oh-oh-oh-oh-oh-oh-oh (Yeah) You're gonna hear me roar Oh-oh-oh-oh-oh-oh-oh Oh-oh-oh-oh-oh-oh-oh (You'll hear me roar) Oh-oh-oh-oh-oh-oh-oh You're gonna hear me roar",0.175,0.779,0.047,0.9945,31,352,0.9945
8,Justin Bieber,Sorry,16306693,3741548245,868546,"You gotta go and get angry at all of my honesty You know I try, but I don't do too well with apologies I hope I don't run out of time, could someone call a referee? 'Cause I just need one more shot at forgiveness I know you know that I made those mistakes maybe once or twice And by once or twice, I mean maybe a couple of hundred times So let me, oh, let me redeem, oh, redeem, oh, myself tonight 'Cause I just need one more shot at second chances Yeah, is it too late now to say sorry? 'Cause I'm missing more than just your body Oh, is it too late now to say sorry? Yeah, I know that I let you down Is it too late to say I'm sorry now? I'm sorry, yeah Sorry, yeah Sorry Yeah, I know that I let you down Is it too late to say I'm sorry now? I'll take every single piece of the blame if you want me to But you know that there is no innocent one in this game for two I'll go, I'll go and then you go, you go out and spill the truth Can we both say the words and forget this? Yeah, is it too late now to say sorry? 'Cause I'm missing more than just your body Oh, is it too late now to say sorry? Yeah, I know that I let you down Is it too late to say I'm sorry now? I'm not just tryna get you back on me (Oh, no, no) 'Cause I'm missing more than just your body (Your body) Oh, is it too late now to say sorry? Yeah, I know that I let you down Is it too late to say I'm sorry now? I'm sorry, yeah Sorry, oh Sorry Yeah, I know that I let you down (I know I let you down) Is it too late to say I'm sorry now? I'm sorry, yeah Sorry, oh Sorry Yeah, I know that I let you down (I know I let you down) Is it too late to say I'm sorry now?",0.133,0.723,0.145,0.9039,35,359,0.9039
9,Ed Sheeran,Thinking Out Loud,14912750,3699993663,372173,"When your legs don't work like they used to before And I can't sweep you off of your feet Will your mouth still remember the taste of my love? Will your eyes still smile from your cheeks? And darlin', I will be lovin' you till we're seventy And baby, my heart could still fall as hard at twenty-three And I'm thinkin' 'bout how People fall in love in mysterious ways Maybe just the touch of a hand Well, me, I fall in love with you every single day And I just wanna tell you I am So honey, now, take me into your lovin' arms Kiss me under the light of a thousand stars And place your head on my beatin' heart, I'm thinkin' out loud Maybe we found love right where we are When my hair's all but gone and my memory fades And the crowds don't remember my name When my hands don't play the strings the same way, mmm I know you will still love me the same 'Cause, honey, your soul who could never grow old, it's evergreen And baby, your smile's forever in my mind and memory I'm thinkin' 'bout how People fall in love in mysterious ways And maybe it's all part of a plan Oh, I'll just keep on makin' the same mistakes Hoping that you'll understand That, baby, now, take me into your lovin' arms Kiss me under the light of a thousand stars Place your head on my beatin' heart, I'm thinkin' out loud And maybe we found love right where we are, oh-oh Lo-lo-lo, lo-lo-lo Lo-lo-lo, lo-lo-lo, love So baby, now, take me into your lovin' arms And kiss me under the light of a thousand stars, oh, darlin' Place your head on my beatin' heart, I'm thinkin' out loud That maybe we found love right where we are Oh, maybe we found love right where we are And we found love right where we are",0.188,0.789,0.023,0.9967,44,326,0.9967
11,Ed Sheeran,Perfect,20501323,3611596720,508475,"I found a love for me Oh, darlin', just dive right in and follow my lead Well, I found a girl beautiful and sweet Oh, I never knew you were the someone waitin' for me 'Cause we were just kids when we fell in love Not knowin' what it was I will not give you up this time But, darlin', just kiss me slow Your heart is all I own And in your eyes, you're holdin' mine Baby, I'm dancin' in the dark with you between my arms Barefoot on the grass while listenin' to our favourite song When you said you looked a mess, I whispered underneath my breath But you heard it, darlin', you look perfect tonight Well, I found a woman stronger than anyone I know She shares my dreams, I hope that, someday, I'll share her home I found a love to carry more than just my secrets To carry love, to carry children of our own We are still kids, but we're so in love Fightin' against all odds I know we'll be alright this time Darlin', just hold my hand Be my girl, I'll be your man I see my future in your eyes Baby, I'm dancin' in the dark with you between my arms Barefoot on the grass while listenin' to our favourite song When I saw you in that dress, lookin' so beautiful I don't deserve this, darlin', you look perfect tonight No, no, no Mm, no, no Baby, I'm dancin' in the dark with you between my arms We're barefoot on the grass, oh, listenin' to our favourite song I have faith in what I see, now I know I have met An angel in person and she looks perfect I don't deserve this, you look perfect tonight",0.251,0.7,0.049,0.9974,52,297,0.9974
12,Alan Walker,Faded,27565139,3555488824,1264810,"You were the shadow to my light Did you feel us? Another star, you fade away Afraid our aim is out of sight Wanna see us alight Where are you now? Where are you now? Where are you now? Was it all in my fantasy? Where are you now? Were you only imaginary? Where are you now? Atlantis, under the sea, under the sea Where are you now? Another dream The monster's running wild inside of me I'm faded, I'm faded So lost, I'm faded, I'm faded So lost, I'm faded These shallow waters never met what I needed I'm letting go, a deeper dive Eternal silence of the sea I'm breathing, alive Where are you now? Where are you now? Under the bright but faded lights You set my heart on fire Where are you now? Where are you now? Where are you now? Atlantis, under the sea, under the sea Where are you now? Another dream The monster's running wild inside of me I'm faded, I'm faded So lost, I'm faded, I'm faded So lost, I'm faded",0.041,0.883,0.076,-0.8263,44,179,0.8263
15,Taylor Swift,Shake It Off,13070777,3373072126,574307,"I stay out too late Got nothin' in my brain That's what people say, mm-mm That's what people say, mm-mm I go on too many dates (Haha) But I can't make them stay At least, that's what people say, mm-mm That's what people say, mm-mm But I keep cruisin' Can't stop, won't stop movin' It's like I got this music in my mind Sayin', ""It's gonna be alright"" 'Cause the players gonna play, play, play, play, play And the haters gonna hate, hate, hate, hate, hate Baby, I'm just gonna shake, shake, shake, shake, shake I shake it off, I shake it off Heartbreakers gonna break, break, break, break, break And the fakers gonna fake, fake, fake, fake, fake Baby, I'm just gonna shake, shake, shake, shake, shake I shake it off, I shake it off I never miss a beat I'm lightnin' on my feet And that's what they don't see, mm-mm That's what they don't see, mm-mm I'm dancin' on my own (Dancin' on my own) I make the moves up as I go (Moves up as I go) And that's what they don't know, mm-mm That's what they don't know, mm-mm But I keep cruisin' Can't stop, won't stop groovin' It's like I got this music in my mind Sayin', ""It's gonna be alright"" 'Cause the players gonna play, play, play, play, play And the haters gonna hate, hate, hate, hate, hate Baby, I'm just gonna shake, shake, shake, shake, shake I shake it off, I shake it off Heartbreakers gonna break, break, break, break, break And the fakers gonna fake, fake, fake, fake, fake Baby, I'm just gonna shake, shake, shake, shake, shake I shake it off, I shake it off I shake it off, I shake it off I, I, I shake it off, I shake it off I, I, I shake it off, I shake it off I, I, I shake it off, I shake it off Hey, hey, hey Just think, while you've been gettin' down and out about the liars And the dirty, dirty cheats of the world You could've been gettin' down To this sick beat My ex-man brought his new girlfriend She's like, ""Oh my God,"" but I'm just gonna shake And to the fella over there with the hella good hair Won't you come on over, baby? We can shake, shake, shake Yeah, oh-oh, oh 'Cause the players gonna play, play, play, play, play And the haters gonna hate, hate, hate, hate, hate (Haters gonna hate) Baby, I'm just gonna shake, shake, shake, shake, shake I shake it off, I shake it off (Ha) Heartbreakers gonna break, break, break, break, break (Mmm) And the fakers gonna fake, fake, fake, fake, fake (They fake and fake and fake) Baby, I'm just gonna shake, shake, shake, shake, shake I shake it off, I shake it off (I, I) I shake it off, I shake it off I, I, I shake it off, I shake it off I, I, I shake it off, I shake it off I, I, I shake it off (Yeah), I shake it off I shake it off, I shake it off I, I, I shake it off, I shake it off (You got to) I, I, I shake it off, I shake it off I, I, I shake it off, I shake it off",0.101,0.47,0.429,-0.9997,27,557,0.9997
16,Taylor Swift,Blank Space,15193621,3319525781,641033,"Nice to meet you, where you been? I could show you incredible things Magic, madness, heaven, sin Saw you there and I thought ""Oh, my God, look at that face You look like my next mistake Love's a game, wanna play?"" Ayy New money, suit and tie I can read you like a magazine Ain't it funny? Rumors fly And I know you heard about me So, hey, let's be friends I'm dying to see how this one ends Grab your passport and my hand I can make the bad guys good for a weekend So it's gonna be forever Or it's gonna go down in flames? You can tell me when it's over, mm If the high was worth the pain Got a long list of ex-lovers They'll tell you I'm insane 'Cause you know I love the players And you love the game 'Cause we're young and we're reckless We'll take this way too far It'll leave you breathless, mm Or with a nasty scar Got a long list of ex-lovers They'll tell you I'm insane But I've got a blank space, baby And I'll write your name Cherry lips, crystal skies I could show you incredible things Stolen kisses, pretty lies You're the king, baby, I'm your queen Find out what you want Be that girl for a month Wait, the worst is yet to come, oh, no Screaming, crying, perfect storms I can make all the tables turn Rose garden filled with thorns Keep you second guessing, like ""Oh, my God, who is she?"" I get drunk on jealousy But you'll come back each time you leave 'Cause, darling, I'm a nightmare dressed like a daydream So it's gonna be forever Or it's gonna go down in flames? You can tell me when it's over, mm If the high was worth the pain Got a long list of ex-lovers They'll tell you I'm insane 'Cause you know I love the players And you love the game 'Cause we're young and we're reckless (Oh) We'll take this way too far It'll leave you breathless (Oh-oh), mm Or with a nasty scar Got a long list of ex-lovers They'll tell you I'm insane (Insane) But I've got a blank space, baby And I'll write your name Boys only want love if it's torture Don't say I didn't, say I didn't warn ya Boys only want love if it's torture Don't say I didn't, say I didn't warn ya So it's gonna be forever Or it's gonna go down in flames? You can tell me when it's over (Over), mm If the high was worth the pain Got a long list of ex-lovers They'll tell you I'm insane (I'm insane) 'Cause you know I love the players And you love the game (And you love the game) 'Cause we're young and we're reckless (Yeah) We'll take this way too far (Ooh) It'll leave you breathless, mm Or with a nasty scar (With a nasty scar) Got a long list of ex-lovers They'll tell you I'm insane But I've got a blank space, baby And I'll write your name",0.158,0.662,0.181,-0.889,40,519,0.889
17,Adele,Hello,18651633,3110834078,945050,"Hello, it's me I was wondering if, after all these years, you'd like to meet To go over everything They say that time's supposed to heal ya But I ain't done much healin' Hello, can you hear me? I'm in California dreaming about who we used to be When we were younger and free I've forgotten how it felt before the world fell at our feet There's such a difference between us And a million miles Hello from the other side I must've called a thousand times To tell you I'm sorry for everything that I've done But when I call, you never seem to be home Hello from the outside At least, I can say that I've tried To tell you I'm sorry for breaking your heart But it don't matter, it clearly doesn't tear you apart anymore Hello, how are you? It's so typical of me to talk about myself, I'm sorry I hope that you're well Did you ever make it out of that town Where nothing ever happened? It's no secret that the both of us Are running out of time So hello from the other side (Other side) I must've called a thousand times (Thousand times) To tell you I'm sorry for everything that I've done But when I call, you never seem to be home Hello from the outside (Outside) At least, I can say that I've tried (I've tried) To tell you I'm sorry for breaking your heart But it don't matter, it clearly doesn't tear you apart anymore (Highs, highs, highs, highs, lows, lows, lows, lows) Ooh, anymore (Highs, highs, highs, highs, lows, lows, lows, lows) Ooh, anymore (Highs, highs, highs, highs, lows, lows, lows, lows) Ooh, anymore (Highs, highs, highs, highs, lows, lows, lows, lows) Anymore Hello from the other side (Other side) I must've called a thousand times (Thousand times) To tell you I'm sorry for everything that I've done But when I call, you never seem to be home Hello from the outside (Outside) At least, I can say that I've tried (I've tried) To tell you I'm sorry for breaking your heart But it don't matter, it clearly doesn't tear you apart anymore",0.033,0.826,0.141,-0.9789,38,365,0.9789
20,Dua Lipa,New Rules,17331600,2973103135,377011,"One Talkin' in my sleep at night, makin' myself crazy (Out of my mind, out of my mind) Wrote it down and read it out, hopin' it would save me (Too many times, too many times) My love He makes me feel like nobody else, nobody else But my love He doesn't love me, so I tell myself, I tell myself One, don't pick up the phone You know he's only callin' 'cause he's drunk and alone Two, don't let him in You'll have to kick him out again Three, don't be his friend You know you're gonna wake up in his bed in the mornin' And if you're under him, you ain't gettin' over him I got new rules, I count 'em I got new rules, I count 'em I gotta tell them to myself I got new rules, I count 'em I gotta tell them to myself I keep pushin' forwards, but he keeps pullin' me backwards (Nowhere to turn, no way, nowhere to turn, no) Now I'm standin' back from it, I finally see the pattern (I never learn, I never learn) But my love He doesn't love me, so I tell myself, I tell myself I do, I do, I do One, don't pick up the phone You know he's only callin' 'cause he's drunk and alone Two, don't let him in You'll have to kick him out again Three, don't be his friend You know you're gonna wake up in his bed in the mornin' And if you're under him, you ain't gettin' over him I got new rules, I count 'em I got new rules, I count 'em I gotta tell them to myself I got new rules, I count 'em I gotta tell them to myself Practice makes perfect I'm still tryna learn it by heart (I got new rules, I count 'em) Eat, sleep, and breathe it Rehearse and repeat it 'cause I (I got new, I got new) One, don't pick up the phone (Yeah) You know he's only callin' 'cause he's drunk and alone (Alone) Two, don't let him in (Oh-ooh) You'll have to kick him out again (Again) Three, don't be his friend You know you're gonna wake up in his bed in the mornin' And if you're under him, you ain't gettin' over him I got new rules, I count 'em I got new rules, I count 'em ( Woah, oh ) I gotta tell them to myself I got new rules, I count 'em ( Baby, you know I count 'em ) I gotta tell them to myself Don't let him in, don't let him in Don't, don't, don't, don't Don't be his friend, don't be his friend Don't, don't, don't, don't Don't let him in, don't let him in Don't, don't, don't, don't Don't be his friend, don't be his friend Don't, don't, don't, don't You're gettin' over him",0.07,0.839,0.091,-0.6902,31,483,0.6902
21,Clean Bandit,Rockabye,13829627,2873530958,303879,"Call it love and devotion Call it a mom's adoration, foundation A special bond of creation, ha For all the single moms out there Goin' through frustration Clean Bandit, Sean da Paul Anne-Marie, sing, make them hear She works the nights by the water She's gone astray, so far away From her father's daughter She just wants a life for her baby All on her own, no one will come She's got to save him ( Daily struggle ) She tells him, ""Ooh, love No one's ever gonna hurt you, love I'm gonna give you all of my love Nobody matters like you"" ( Stay up there, stay up there ) She tells him, ""Your life Ain't gon' be nothin' like my life ( Straight ) You're gonna grow and have a good life I'm gonna do what I've got to do"" ( Stay up there, stay up there ) So rockabye, baby, rockabye I'm gonna rock you Rockabye, baby, don't you cry Somebody's got you Rockabye, baby, rockabye I'm gonna rock you Rockabye, baby, don't you cry Rockabye ( No, oh ) Rockabye, rocka-rocka-rockabye ( Rockabye, yeah, yeah ) Rockabye, rocka-rocka-rockabye Single mom, how you doin' out there? Facing the hard life without no fear ( Yeah ) Just so you know that you really care ( Uh ) 'Cause any obstacle come, you're well prepared ( Oh no ) And no, mama, you never shed tear 'Cause you haffi shed things year after year ( Na-na-na-na ) And you give the yout love beyond compare ( Yeah ) You find his school fee and the bus fare ( Yeah ) Mm, already pops disappear Inna rum bar, can't find him nowhere Steadily your work flow heavily, you know So you nah stop, no time, no time for ya dear Now she got a six-year-old Tryin' to keep him warm Tryin' to keep out the cold When he looks in her eyes He don't know he is safe when she says ""Ooh, love No one's ever gonna hurt you, love I'm gonna give you all of my love Nobody matters like you"" So rockabye, baby, rockabye I'm gonna rock you Rockabye, baby, don't you cry Somebody's got you Rockabye, baby, rockabye I'm gonna rock you Rockabye, baby, don't you cry ( Bada-bang-bang-bang, alright then ) Rockabye ( No, oh ) Rockabye, rocka-rocka-rocka-bye ( Rockabye, yeah, yeah ) Rockabye, rocka-rocka-rocka-bye Rockabye, don't bother cry Lift up your head, lift it up to the sky, yo Rockabye, don't bother cry Angels surround you, just dry your eye Now she got a six-year-old Tryin' to keep him warm Tryin' to keep out the cold When he looks in her eyes He don't know he is safe when she says She tells him, ""Ooh, love No one's ever gonna hurt you, love I'm gonna give you all of my love Nobody matters like you"" ( Stay up there, stay up there ) She tells him, ""Your life Ain't gon' be nothin' like my life ( Straight ) You're gonna grow and have a good life I'm gonna do what I got to do"" (Yeah) So, rockabye, baby, rockabye ( Rockabye, rocka-rocka-rockabye ) I'm gonna rock you Rockabye, baby, don't you cry ( Rockabye, rocka-rocka-rockabye ) Somebody's got you Rockabye, baby, rockabye ( Rockabye, rocka-rocka-rockabye ) I'm gonna rock you Rockabye, baby, don't you cry ( Bada-bang-bang-bang, alright then ) Rockabye Rockabye, don't bother cry Lift up your head, lift it up to the sky ( Rockabye ) Rockabye, don't bother cry ( Yeah, yeah ) Angels surround you, just dry your eye ( Rockabye ) Rockabye, don't bother cry ( No, oh ) Lift up your head, lift it up to the sky ( Rockabye ) Rockabye, don't bother cry Angels surround you, just dry your eye",0.24,0.677,0.083,0.9986,35,634,0.9986
24,Bruno Mars,The Lazy Song,14474652,2671580977,537200,"Today, I don't feel like doing anything I just wanna lay in my bed Don't feel like picking up my phone So leave a message at the tone 'Cause today, I swear, I'm not doing anything, uh I'm gonna kick my feet up, then stare at the fan Turn the TV on, throw my hand in my pants Nobody's gon' tell me I can't, nah I'll be lounging on the couch, just chillin' in my Snuggie Click to MTV, so they can teach me how to dougie 'Cause in my castle, I'm the freaking man Oh-oh, yes, I said it (Ooh-ooh) I said it, I said it, 'cause I can (Ooh-ooh-ooh-ooh-ooh-ooh) Today, I don't feel like doing anything I just wanna lay in my bed Don't feel like picking up my phone So leave a message at the tone 'Cause today, I swear, I'm not doing anything Nothing at all Woo-hoo, woo-hoo, ooh Nothing at all Woo-hoo, woo-hoo, ooh Tomorrow, I'll wake up, do some P90X Meet a really nice girl, have some really nice sex And she's gonna scream out, ""This is great!"" (Oh my God, this is great) Yeah, I might mess around and get my college degree I bet my old man will be so proud of me But sorry, pops, you'll just have to wait Oh-oh, yes I said it (Ooh-ooh) I said it, I said it, 'cause I can (Ooh-ooh-ooh-ooh-ooh) Today, I don't feel like doing anything I just wanna lay in my bed Don't feel like picking up my phone So leave a message at the tone 'Cause today, I swear, I'm not doing anything No, I ain't gonna comb my hair (Ooh-ooh-ooh) 'Cause I ain't going anywhere (Ooh-ooh-ooh) No, no, no, no, no, no, no, no, no I'll just strut in my birthday suit (Ooh-ooh-ooh) And let everything hang loose (Ooh-ooh-ooh) Yeah, yeah, yeah, yeah, yeah, yeah, yeah, yeah, yeah, yeah Oh, today, I don't feel like doing anything I just wanna lay in my bed Don't feel like picking up my phone So leave a message at the tone 'Cause today, I swear, I'm not doing anything Nothing at all Woo-hoo, woo-hoo, ooh Nothing at all Woo-hoo, woo-hoo, ooh Nothing at all",0.131,0.719,0.15,-0.1389,39,370,0.1389
25,Sia,Chandelier,12906932,2658329410,583400,"Party girls don't get hurt Can't feel anythin', when will I learn? I push it down, I push it down I'm the one for a good time call Phone's blowin' up, ringin' my doorbell I feel the love, I feel the love One, two, three, one, two, three, drink One, two, three, one, two, three, drink One, two, three, one, two, three, drink Throw 'em back 'til I lose count I'm gonna swing from the chandelier From the chandelier I'm gonna live like tomorrow doesn't exist Like it doesn't exist I'm gonna fly like a bird through the night Feel my tears as they dry I'm gonna swing from the chandelier From the chandelier But I'm holdin' on for dear life Won't look down, won't open my eyes Keep my glass full until mornin' light 'Cause I'm just holdin' on for tonight Help me, I'm holdin' on for dear life Won't look down, won't open my eyes Keep my glass full until mornin' light 'Cause I'm just holdin' on for tonight, on for tonight Sun is up, I'm a mess Gotta get out now, gotta run from this Here comes the shame, here comes the shame (Ahh) One, two, three, one, two, three, drink One, two, three, one, two, three, drink One, two, three, one, two, three, drink Throw 'em back 'til I lose count I'm gonna swing from the chandelier From the chandelier I'm gonna live like tomorrow doesn't exist Like it doesn't exist I'm gonna fly like a bird through the night Feel my tears as they dry I'm gonna swing from the chandelier From the chandelier But I'm holdin' on for dear life Won't look down, won't open my eyes Keep my glass full until mornin' light 'Cause I'm just holdin' on for tonight Help me, I'm holdin' on for dear life Won't look down, won't open my eyes Keep my glass full until mornin' light 'Cause I'm just holdin' on for tonight, on for tonight On for tonight 'Cause I'm just holdin' on for tonight Oh, I'm just holdin' on for tonight On for tonight, on for tonight 'Cause I'm just holdin' on for tonight 'Cause I'm just holdin' on for tonight Oh, I'm just holdin' on for tonight On for tonight, on for tonight",0.101,0.838,0.061,0.9395,27,379,0.9395
26,Imagine Dragons,Believer,21480421,2556424139,626768,"First things first I'ma say all the words inside my head I'm fired up and tired of The way that things have been, oh-ooh The way that things have been, oh-ooh Second things second Don't you tell me what you think that I could be I'm the one at the sail I'm the master of my sea, oh-ooh The master of my sea, oh-ooh I was broken from a young age Taking my sulkin' to the masses Writing my poems for the few That look at me, took to me, shook at me, feelin' me Singing from heartache from the pain Taking my message from the veins Speaking my lesson from the brain Seeing the beauty through the... Pain! You made me a, you made me a Believer, believer Pain! You break me down, you build me up Believer, believer Pain! Oh, let the bullets fly, oh, let them rain My life, my love, my drive, it came from… Pain! You made me a, you made me a Believer, believer Third things third Send a prayer to the ones up above All the hate that you've heard Has turned your spirit to a dove, oh-ooh Your spirit up above, oh-ooh I was chokin' in the crowd Building my rain up in the cloud Falling like ashes to the ground Hoping my feelings, they would drown But they never did, ever lived, ebbin' and flowin' Inhibited, limited 'til it broke open and rained down It rained down, like… Pain! You made me a, you made me a Believer, believer Pain! You break me down, you build me up Believer, believer Pain! Oh, let the bullets fly, oh, let them rain My life, my love, my drive, it came from… Pain! You made me a, you made me a Believer, believer Last things last By the grace of the fire and the flames You're the face of the future The blood in my veins, oh-ooh The blood in my veins, oh-ooh But they never did, ever lived, ebbin' and flowin' Inhibited, limited 'til it broke open and rained down It rained down, like… Pain! You made me a, you made me a Believer, believer Pain! You break me down, you build me up Believer, believer Pain! Oh, let the bullets fly, oh, let them rain My life, my love, my drive, it came from… Pain! You made me a, you made me a Believer, believer",0.058,0.77,0.172,-0.9939,38,403,0.9939
28,Adele,Rolling in the Deep,12686647,2400259123,423010,"There's a fire starting in my heart Reaching a fever pitch and it's bringing me out the dark Finally, I can see you crystal clear Go ahead and sell me out and I'll lay your shit bare See how I'll leave with every piece of you Don't underestimate the things that I will do There's a fire starting in my heart Reaching a fever pitch, and it's bringing me out the dark The scars of your love remind me of us They keep me thinkin' that we almost had it all The scars of your love, they leave me breathless I can't help feeling We could've had it all (You're gonna wish you never had met me) Rolling in the deep (Tears are gonna fall, rolling in the deep) You had my heart inside of your hand (You're gonna wish you never had met me) And you played it to the beat (Tears are gonna fall, rolling in the deep) Baby, I have no story to be told But I've heard one on you, now I'm gonna make your head burn Think of me in the depths of your despair Make a home down there, as mine sure won't be shared (You're gonna wish you never had met me) The scars of your love remind me of us (Tears are gonna fall, rolling in the deep) They keep me thinkin' that we almost had it all (You're gonna wish you never had met me) The scars of your love, they leave me breathless (Tears are gonna fall, rolling in the deep) I can't help feeling We could've had it all (You're gonna wish you never had met me) Rolling in the deep (Tears are gonna fall, rolling in the deep) You had my heart inside of your hand (You're gonna wish you never had met me) And you played it to the beat (Tears are gonna fall, rolling in the deep) Could've had it all Rolling in the deep You had my heart inside of your hand But you played it with a beating Throw your soul through every open door (Ooh woah, oh) Count your blessings to find what you look for (Woah) Turn my sorrow into treasured gold (Ooh woah, oh) You'll pay me back in kind and reap just what you sow (You're gonna wish you never had met me) We could've had it all (Tears are gonna fall, rolling in the deep) We could've had it all, yeah (You're gonna wish you never had met me) It all, it all, it all (Tears are gonna fall, rolling in the deep) We could've had it all (You're gonna wish you never had met me) Rolling in the deep (Tears are gonna fall, rolling in the deep) You had my heart inside of your hand (You're gonna wish you never had met me) And you played it to the beat (Tears are gonna fall, rolling in the deep) Could've had it all (You're gonna wish you never had met me) Rolling in the deep (Tears are gonna fall, rolling in the deep) You had my heart inside of your hand (You're gonna wish you never had met me) But you played it, you played it, you played it You played it to the beat",0.195,0.752,0.053,0.9984,27,546,0.9984
29,Christina Perri,A Thousand Years,14683274,2368918978,497552,"Heart beats fast, colors and promises How to be brave? How can I love when I'm afraid to fall? But watching you stand alone All of my doubt suddenly goes away somehow One step closer I have died every day waiting for you Darling, don't be afraid I have loved you for a thousand years I'll love you for a thousand more Time stands still, beauty in all she is I will be brave, I will not let anything take away What's standing in front of me Every breath, every hour has come to this One step closer I have died every day waiting for you Darling, don't be afraid I have loved you for a thousand years I'll love you for a thousand more And all along I believed I would find you Time has brought your heart to me I have loved you for a thousand years I'll love you for a thousand more One step closer One step closer I have died every day waiting for you Darling, don't be afraid I have loved you for a thousand years I'll love you for a thousand more And all along I believed I would find you Time has brought your heart to me I have loved you for a thousand years I'll love you for a thousand more",0.314,0.613,0.073,0.9975,36,220,0.9975
31,Rihanna,Diamonds,11092324,2266940404,405827,"Shine bright like a diamond Shine bright like a diamond Find light in the beautiful sea I choose to be happy You and I, you and I, we're like diamonds in the sky You're a shooting star I see, a vision of ecstasy When you hold me, I'm alive, we're like diamonds in the sky I knew that we'd become one right away Oh, right away At first sight, I felt the energy of sun rays I saw the life inside your eyes So shine bright, tonight, you and I We're beautiful, like diamonds in the sky Eye to eye, so alive We're beautiful, like diamonds in the sky Shine bright like a diamond (Woah) Shine bright like a diamond (Woah) Shinin' bright like a diamond We're beautiful, like diamonds in the sky Shine bright like a diamond (Woah) Shine bright like a diamond (Woah) Shinin' bright like a diamond We're beautiful, like diamonds in the sky Palms rise to the universe as we moonshine and molly Feel the warmth, we'll never die We're like diamonds in the sky You're a shooting star I see, a vision of ecstasy When you hold me, I'm alive We're like diamonds in the sky At first sight, I felt the energy of sun rays I saw the life inside your eyes So shine bright, tonight, you and I We're beautiful, like diamonds in the sky Eye to eye, so alive We're beautiful, like diamonds in the sky Shine bright like a diamond (Woah) Shine bright like a diamond (Woah) Shinin' bright like a diamond We're beautiful, like diamonds in the sky Shine bright like a diamond (Woah) Shine bright like a diamond (Woah) Shinin' bright like a diamond We're beautiful, like diamonds in the sky Shine bright like a diamond Shine bright like a diamond Shine bright like a diamond So shine bright, tonight, you and I We're beautiful, like diamonds in the sky Eye to eye, so alive We're beautiful, like diamonds in the sky Shine bright like a diamond (Woah) Shine bright like a diamond (Woah) Shine bright like a diamond Oh-oh, yeah Shine bright like a diamond (Woah) Shine bright like a diamond (Woah) Shine bright like a diamond Shine bright like a diamond",0.589,0.411,0.0,0.9998,22,374,0.9998
34,Gotye,Somebody That I Used To Know,15528944,2193512486,810225,"Now and then, I think of when we were together Like when you said you felt so happy, you could die I told myself that you were right for me But felt so lonely in your company But that was love and it's an ache I still remember You can get addicted to a certain kind of sadness Like resignation to the end, always the end So when we found that we could not make sense Well, you said that we would still be friends But I'll admit that I was glad it was over But you didn't have to cut me off Make out like it never happened and that we were nothing And I don't even need your love But you treat me like a stranger and that feels so rough No, you didn't have to stoop so low Have your friends collect your records and then change your number I guess that I don't need that, though Now, you're just somebody that I used to know Now, you're just somebody that I used to know Now, you're just somebody that I used to know Now and then, I think of all the times you screwed me over But had me believing it was always something that I'd done But I don't wanna live that way Reading into every word you say You said that you could let it go And I wouldn't catch you hung up on somebody that you used to know But you didn't have to cut me off Make out like it never happened and that we were nothing (Ah) And I don't even need your love (Ooh) But you treat me like a stranger and that feels so rough (Ah) No, you didn't have to stoop so low (Ooh) Have your friends collect your records and then change your number (Ah) I guess that I don't need that, though (Ooh) Now, you're just somebody that I used to know Somebody (I used to know) Somebody (Now, you're just somebody that I used to know) Somebody (I used to know) Somebody (Now, you're just somebody that I used to know) (I used to know) (That I used to know) (I used to know) Somebody",0.174,0.739,0.087,0.9891,35,370,0.9891
37,Adele,Someone Like You,10369652,2118540687,359665,"I heard that you're settled down That you found a girl and you're married now I heard that your dreams came true Guess she gave you things I didn't give to you Old friend, why are you so shy? Ain't like you to hold back or hide from the light I hate to turn up out of the blue, uninvited But I couldn't stay away, I couldn't fight it I had hoped you'd see my face And that you'd be reminded that for me, it isn't over Never mind, I'll find someone like you I wish nothing but the best for you, too Don't forget me, I beg I remember you said Sometimes it lasts in love, but sometimes it hurts instead Sometimes it lasts in love, but sometimes it hurts instead You know how the time flies Only yesterday was the time of our lives We were born and raised in a summer haze Bound by the surprise of our glory days I hate to turn up out of the blue, uninvited But I couldn't stay away, I couldn't fight it I had hoped you'd see my face And that you'd be reminded that for me, it isn't over Never mind, I'll find someone like you I wish nothing but the best for you, too Don't forget me, I beg I remember you said Sometimes it lasts in love, but sometimes it hurts instead Nothing compares, no worries or cares Regrets and mistakes, they're memories made Who would have known how bittersweet this would taste? Never mind, I'll find someone like you I wish nothing but the best for you Don't forget me, I beg I remember you said Sometimes it lasts in love, but sometimes it hurts instead Never mind, I'll find someone like you I wish nothing but the best for you, too Don't forget me, I beg I remember you said Sometimes it lasts in love, but sometimes it hurts instead Sometimes it lasts in love, but sometimes it hurts instead",0.215,0.61,0.176,0.9568,38,335,0.9568
40,TONES AND I,DANCE MONKEY,15481463,2074854113,377395,"They say, ""Oh my god, I see the way you shine Take your hands, my dear, and place them both in mine"" You know you stopped me dead while I was passing by And now I beg to see you dance just one more time Ooh, I see you, see you, see you every time And oh my, I, I, I like your style You, you make me, make me, make me wanna cry And now I beg to see you dance just one more time So they say ""Dance for me, dance for me, dance for me, oh-oh-oh I've never seen anybody do the things you do before"" They say ""Move for me, move for me, move for me, eh-eh-eh And when you’re done, I'll make you do it all again"" I said, ""Oh my god, I see you walking by Take my hands, my dear, and look me in my eyes"" Just like a monkey, I've been dancin’ my whole life But you just beg to see me dance just one more time Ooh, I see you, see you, see you every time And oh my, I, I, I like your style You, you make me, make me, make me wanna cry And now I beg to see you dance just one more time So they say ""Dance for me, dance for me, dance for me, oh-oh-oh I've never seen anybody do the things you do before"" They say ""Move for me, move for me, move for me, eh-eh-eh And when you're done, I'll make you do it all again"" They say ""Dance for me, dance for me, dance for me, oh-oh-oh, oh-oh, oh-oh I've never seen anybody do the things you do before"" They say ""Move for me, move for me, move for me, eh-eh-eh And when you're done, I'll make you do it all again"" Ooh, ooh, ooh, ooh, ooh Oh-oh, oh-oh, oh Ooh, ooh, ooh, ooh, ooh-ooh Ooh, ah-ah, ah-ah They say ""Dance for me, dance for me, dance for me, oh-oh-oh I've never seen anybody do the things you do before"" They say ""Move for me, move for me, move for me, eh-eh-eh And when you’re done, I’ll make you do it all again"" They say ""Dance for me, dance for me, dance for me, oh-oh-oh, oh-oh, oh-oh I've never seen anybody do the things you do before"" They say ""Move for me, move for me, move for me, eh-eh-eh And when you’re done, I'll make you do it all again All again""",0.032,0.943,0.025,0.0387,24,419,0.0387
41,Imagine Dragons,Thunder,12535034,2070406866,373457,"Just a young gun with a quick fuse I was uptight, wanna let loose I was dreaming of bigger things And wanna leave my own life behind Not a ""Yes, sir,"" not a follower Fit the box, fit the mold Have a seat in the foyer, take a number I was lightning before the thunder Thunder, thunder Thunder, thun- Thunder, th-th-thunder, thunder Thunder, thunder, thun- Thunder, th-th-thunder, thunder Thunder, feel the thunder (Thunder, thunder, thun-) Lightning then the thunder (Thunder, th-th-thunder, thunder) Thunder, feel the thunder (Thunder, thunder, thun-, thun-) Lightning then the thunder, thunder, thunder (Th-th-thunder) Thunder (Thun-, thun-) Kids were laughing in my classes While I was scheming for the masses Who do you think you are? Dreaming 'bout being a big star They say, ""You're basic,"" they say, ""You're easy"" You're always riding in the backseat Now I'm smiling from the stage While you were clapping in the nosebleeds Thunder, thunder Thunder, thun- Thunder, th-th-thunder, thunder Thunder, thunder, thun- Thunder, th-th-thunder, thunder Thunder, feel the thunder (Thunder, thunder, thun-) Lightning then the thunder (Thunder, th-th-thunder, thunder) Thunder, feel the thunder (Thunder, thunder, thun-, thun-) Lightning then the thunder, thunder, thunder (Th-th-thunder) Thunder (Thun-, thun-) Thunder, feel the thunder Lightning then the thunder, thunder Thunder, feel the thunder (Thunder, thunder, thun-) Lightning then the thunder, thunder (Thunder, th-th-thunder, thunder) Thunder, feel the thunder (Thunder, thunder, thun-, thun-) Lightning then the thunder, thunder (Th-th-thunder) Thunder, feel the thunder (Thunder, thunder, thun-) (Never give up, never give up) Lightning then the thunder, thunder (Thunder, th-th-thunder, thunder) (Never give up on your dreams) Thunder, feel the thunder (Thunder, thunder, thun-, thun-) (Never give up, never give up) Lightning then the thunder, thunder (Th-th-thunder) (Never give up on your dreams) Thunder, thunder, thun- Thunder, th-th-thunder, thunder Thunder, thunder, thun- Thunder, th-th-thunder, thunder (Woah-oh-ohh) Thunder, thunder, thun- Thunder, th-th-thunder, thunder (Woah-oh-ohh) Thunder, thunder, thun- Thunder, th-th-thunder, thunder",0.041,0.926,0.034,0.509,32,314,0.509
42,Coldplay,Hymn For The Weekend,14560141,1987874001,396293,"And said drink from me, drink from me (Oh-ah-oh-ah) That we shoot across the sky Symphony That we shoot across the sky Pour on a... Drink from me, drink from me (Oh-ah-oh-ah) That we shoot across the sky Symphony (So high, so high) That we shoot across the sky Oh, angel sent from up above You know you make my world light up When I was down, when I was hurt You came to lift me up Life is a drink and love's a drug Oh, now I think I must be miles up When I was a river dried up You came to rain a flood You said drink from me, drink from me When I was so thirsty Poured on a symphony Now I just can't get enough Put your wings on me, wings on me When I was so heavy Poured on a symphony When I'm low, low, low, low I, oh-I, oh-I Got me feeling drunk and high, so high, so high Oh-I, oh-I, oh-I Now I'm feeling drunk and high, so high, so high (Woo) (Woo-ooo-ooo-woo) Oh, angel sent from up above I feel you coursing through my blood Life is a drink and your love's about To make the stars come out Put your wings on me, wings on me When I was so heavy Poured on a symphony When I'm low, low, low, low I, oh-I, oh-I Got me feeling drunk and high, so high, so high Oh-I, oh-I, oh-I I'm feeling drunk and high, so high, so high I, oh-I, oh-I La, la, la, la, la, la, la, so high, so high I, oh-I, oh-I Now I'm feeling drunk and high, so high, so high That I shoot across the sky That I shoot across the... That I shoot across the sky Let me shoot across the... (Let me shoot) Let me shoot across the sky Let me shoot across the... Let me shoot across the sky That we shoot across the...",0.022,0.802,0.176,-0.993,30,330,0.993
44,Bruno Mars,Just The Way You Are,8158545,1898233251,245758,"Oh, oh-oh-oh Oh-oh-oh-oh Oh-oh-oh Oh, her eyes, her eyes Make the stars look like they're not shinin' Her hair, her hair Falls perfectly without her tryin' She's so beautiful And I tell her every day Yeah, I know, I know When I compliment her, she won't believe me And it's so, it's so sad to think that she don't see what I see But every time she asks me, ""Do I look okay?"" I say When I see your face (Face, face) There's not a thing that I would change 'Cause you're amazing (Amazing) Just the way you are (Are) And when you smile (Smile, smile) The whole world stops and stares for a while 'Cause, girl, you're amazing (Amazing) Just the way you are (Are) Yeah Her lips, her lips I could kiss them all day if she'd let me Her laugh, her laugh She hates, but I think it's so sexy She's so beautiful, and I tell her every day Oh, you know, you know, you know I'd never ask you to change If perfect's what you're searching for Then just stay the same So don't even bother askin' if you look okay You know I'll say When I see your face (Face, face) There's not a thing that I would change 'Cause you're amazing (Amazing) Just the way you are (Are) And when you smile (Smile, smile) The whole world stops and stares for a while 'Cause, girl, you're amazing (Amazing) Just the way you are (Are) The way you are The way you are Girl, you're amazing (Amazing) Just the way you are (Are) When I see your face There's not a thing that I would change 'Cause you're amazing (Amazing) Just the way you are (Are) And when you smile The whole world stops and stares for a while 'Cause, girl, you're amazing Just the way you are Yeah",0.256,0.711,0.033,0.9981,39,314,0.9981
45,Eminem,Without Me,13109278,1811899341,366824,"Obie Trice, real name, no gimmicks Ra—, *record scratch* Two trailer-park girls go round the outside Round the outside, round the outside Two trailer-park girls go round the outside Round the outside, round the outside Woo! (Ooh, ooh) Guess who's back, back again? Shady's back, tell a friend Guess who's back? Guess who's back? Guess who's back? Guess who's back? Guess who's back? Guess who's back? Guess who's back? (Da-da-da, da, da, da, da, da, da) (Da-da-da, da, da, da, da) I've created a monster 'Cause nobody wants to see Marshall no more, they want Shady, I'm chopped liver Well, if you want Shady, this is what I'll give ya A little bit of weed mixed with some hard liquor Some vodka that'll jump-start my heart quicker Than a shock when I get shocked at the hospital By the doctor when I'm not cooperating When I'm rockin' the table while he's operating (Hey!) You waited this long, now stop debating 'Cause I'm back, I'm on the rag and ovulating I know that you got a job, Ms. Cheney But your husband's heart problem's complicating So the FCC won't let me be Or let me be me, so let me see They tried to shut me down on MTV But it feels so empty without me So come on and dip, bum on your lips Fuck that, cum on your lips and some on your tits And get ready, 'cause this shit's about to get heavy I just settled all my lawsuits (Fuck you, Debbie!) Now, this looks like a job for me So everybody, just follow me 'Cause we need a little controversy 'Cause it feels so empty without me I said this looks like a job for me So everybody, just follow me 'Cause we need a little controversy 'Cause it feels so empty without me Little hellions, kids feeling rebellious Embarrassed, their parents still listen to Elvis They start feelin' like prisoners, helpless 'Til someone comes along on a mission and yells, ""Bitch!"" A visionary, vision is scary Could start a revolution, pollutin' the airwaves A rebel , so just let me revel and bask In the fact that I got everyone kissin' my ass And it's a disaster, such a catastrophe For you to see so damn much of my ass, you asked for me? Well, I'm back, da-na-na-na, na-na-na-na-na-na Fix your bent antenna, tune it in, and then I'm gonna Enter in and up under your skin like a splinter The center of attention, back for the winter I'm interesting, the best thing since wrestling Infesting in your kid's ears and nesting Testing, ""Attention, please"" Feel the tension soon as someone mentions me Here's my ten cents, my two cents is free A nuisance, who sent? You sent for me? Now, this looks like a job for me So everybody, just follow me 'Cause we need a little controversy 'Cause it feels so empty without me I said this looks like a job for me So everybody, just follow me 'Cause we need a little controversy 'Cause it feels so empty without me A tisket, a tasket, I'll go tit-for-tat wit' Anybody who's talkin', ""This shit, that shit"" Chris Kirkpatrick, you can get your ass kicked Worse than them little Limp Bizkit bastards And Moby? You can get stomped by Obie You thirty-six-year-old bald-headed fag, blow me You don't know me, you're too old, let go It's over, nobody listens to techno Now, let's go, just give me the signal I'll be there with a whole list full of new insults I've been dope, suspenseful with a pencil Ever since Prince turned himself into a symbol But, sometimes, the shit just seems Everybody only wants to discuss me So this must mean I'm disgusting But it's just me, I'm just obscene (Yeah) Though I'm not the first king of controversy I am the worst thing since Elvis Presley To do Black music so selfishly And use it to get myself wealthy (Hey!) There's a concept that works Twenty million other white rappers emerge But no matter how many fish in the sea It'd be so empty without me Now, this looks like a job for me So everybody, just follow me 'Cause we need a little controversy 'Cause it feels so empty without me I said this looks like a job for me So everybody, just follow me 'Cause we need a little controversy 'Cause it feels so empty without me Hum, dei-dei, la-la La-la, la-la-la La-la, la-la-la La-la, la-la Hum, dei-dei, la-la La-la, la-la-la La-la, la-la-la La-la, la-la Kids!",0.081,0.745,0.174,-0.9982,47,764,0.9982
46,Coldplay,Paradise,9030057,1805003495,351565,"Ooh-ooh-ooh, ooh-ooh-ooh, ooh-ooh-ooh Ooh-ooh-ooh, ooh-ooh-ooh, ooh-ooh-ooh When she was just a girl She expected the world But it flew away from her reach So she ran away in her sleep And dreamed of para-, para-, paradise Para-, para-, paradise Para-, para-, paradise Every time she closed her eyes Ooh-ooh-ooh, ooh-ooh-ooh, ooh-ooh-ooh Ooh-ooh-ooh, ooh-ooh-ooh, ooh-ooh-ooh When she was just a girl She expected the world But it flew away from her reach And the bullets catch in her teeth Life goes on, it gets so heavy The wheel breaks the butterfly Every tear, a waterfall In the night, the stormy night, she'd close her eyes In the night, the stormy night, away she'd fly And dream of para-, para-, paradise Para-, para-, paradise Para-, para-, paradise Oh, oh-oh, oh-oh, oh-oh-oh She'd dream of para-, para-, paradise Para-, para-, paradise Para-, para-, paradise Oh, oh-oh, oh-oh, oh-oh-oh La, la-la, la-la-la La, la-la, la-la-la La, la-la, la-la-la, la-la So lying underneath those stormy skies She said, ""Oh, oh-oh-oh-oh, I know the sun must set to rise"" This could be para-, para-, paradise Para-, para-, paradise This could be para-, para-, paradise Oh, oh-oh, oh-oh, oh-oh-oh This could be para-, para-paradise Para-, para-, paradise This could be para-, para-, paradise Oh, oh-oh, oh-oh, oh-oh-oh This could be para-, para-, paradise This could be para-, para-, paradise This could be para-, para-, paradise Oh-oh-oh-oh-oh oh-oh-oh Ooh-ooh-ooh, ooh-ooh-ooh, ooh-ooh-ooh Ooh-ooh-ooh, ooh-ooh-ooh, ooh-ooh-ooh Ooh-ooh-ooh, ooh-ooh-ooh, ooh-ooh-ooh Ooh-ooh-ooh, ooh-ooh-ooh",0.325,0.66,0.015,0.9989,35,241,0.9989
49,Nirvana,Smells Like Teen Spirit,12932798,1768857925,498859,"Load up on guns, bring your friends It's fun to lose and to pretend She's over-bored and self-assured Oh no, I know a dirty word Hello, hello, hello, how low Hello, hello, hello, how low Hello, hello, hello, how low Hello, hello, hello With the lights out , it's less dangerous Here we are now, entertain us I feel stupid and contagious Here we are now, entertain us A mulatto, an albino A mosquito, my libido Yeah, hey, yay I'm worse at what I do best And for this gift, I feel blessed Our little group has always been And always will until the end Hello, hello, hello, how low Hello, hello, hello, how low Hello, hello, hello, how low Hello, hello, hello With the lights out, it's less dangerous Here we are now, entertain us I feel stupid and contagious Here we are now, entertain us A mulatto, an albino A mosquito, my libido Yeah, hey, yay And I forget just why I taste Oh yeah, I guess it makes me smile I found it hard, it's hard to find Oh well, whatever, never mind Hello, hello, hello, how low Hello, hello, hello, how low Hello, hello, hello, how low Hello, hello, hello With the lights out, it's less dangerous Here we are now, entertain us I feel stupid and contagious Here we are now, entertain us A mulatto, an albino A mosquito, my libido A denial, a denial A denial, a denial A denial, a denial A denial, a denial A denial",0.169,0.622,0.21,-0.7224,38,254,0.7224
