,video_id,title,channel_id,channel_title,view_count,comment_count,wikipedia_categories,duration,comments
0,vVLl0xI_qD0,Saweetie - IMMORTAL FREESTYLE (Official Music Video),UC2FCUwThC0RAzaQoI0TtpLA,Official Saweetie,242394,1808,"['https://en.wikipedia.org/wiki/Hip_hop_music', 'https://en.wikipedia.org/wiki/Music']",PT2M11S,"['Appreciate all the loveâ€¦but whatâ€™s your favorite line?? ğŸ˜ˆ', 'Bad bitch music ğŸ¦‹ğŸ¥¶ğŸ’‹', 'This affirmation female rap I need to rebuild my self esteem this had me so hype and confident on my bday yesterday â¤â¤â¤', 'â¤â¤â¤i always felt like she was just having fun making music then people start talking they bs and she comes with a freestyle to let us know I can bring these barsâ¤â¤â¤â¤â¤I love all her work I love she has fun and not so serious with it', 'I loved your last EP!! â¤ ğŸ˜‚ğŸ˜‚ğŸ˜‚â¤  STRAIGHT WESTCOAST', 'she should model, love her as a person but she never gives me nothing w/ the bars', ""â¤â¤ğŸ‰â¤KNOW THAT'S RiightğŸ‰ğŸ‰"", 'This beat sounds like a Megan on  "" bongos""', 'Yall artist donâ€™t be making music we can listen to in the car this was trash !', 'ğŸ‡¯ğŸ‡²']"
1,vVLl0xI_qD0,Saweetie - IMMORTAL FREESTYLE (Official Music Video),UC2FCUwThC0RAzaQoI0TtpLA,Official Saweetie,242394,1808,"['https://en.wikipedia.org/wiki/Hip_hop_music', 'https://en.wikipedia.org/wiki/Music']",PT2M11S,"['Appreciate all the loveâ€¦but whatâ€™s your favorite line?? ğŸ˜ˆ', 'Bad bitch music ğŸ¦‹ğŸ¥¶ğŸ’‹', 'This affirmation female rap I need to rebuild my self esteem this had me so hype and confident on my bday yesterday â¤â¤â¤', 'â¤â¤â¤i always felt like she was just having fun making music then people start talking they bs and she comes with a freestyle to let us know I can bring these barsâ¤â¤â¤â¤â¤I love all her work I love she has fun and not so serious with it', 'I loved your last EP!! â¤ ğŸ˜‚ğŸ˜‚ğŸ˜‚â¤  STRAIGHT WESTCOAST', 'she should model, love her as a person but she never gives me nothing w/ the bars', ""â¤â¤ğŸ‰â¤KNOW THAT'S RiightğŸ‰ğŸ‰"", 'This beat sounds like a Megan on  "" bongos""', 'Yall artist donâ€™t be making music we can listen to in the car this was trash !', 'ğŸ‡¯ğŸ‡²']"
2,vVLl0xI_qD0,Saweetie - IMMORTAL FREESTYLE (Official Music Video),UC2FCUwThC0RAzaQoI0TtpLA,Official Saweetie,242394,1808,"['https://en.wikipedia.org/wiki/Hip_hop_music', 'https://en.wikipedia.org/wiki/Music']",PT2M11S,"['Appreciate all the loveâ€¦but whatâ€™s your favorite line?? ğŸ˜ˆ', 'Bad bitch music ğŸ¦‹ğŸ¥¶ğŸ’‹', 'This affirmation female rap I need to rebuild my self esteem this had me so hype and confident on my bday yesterday â¤â¤â¤', 'â¤â¤â¤i always felt like she was just having fun making music then people start talking they bs and she comes with a freestyle to let us know I can bring these barsâ¤â¤â¤â¤â¤I love all her work I love she has fun and not so serious with it', 'I loved your last EP!! â¤ ğŸ˜‚ğŸ˜‚ğŸ˜‚â¤  STRAIGHT WESTCOAST', 'she should model, love her as a person but she never gives me nothing w/ the bars', ""â¤â¤ğŸ‰â¤KNOW THAT'S RiightğŸ‰ğŸ‰"", 'This beat sounds like a Megan on  "" bongos""', 'Yall artist donâ€™t be making music we can listen to in the car this was trash !', 'ğŸ‡¯ğŸ‡²']"
3,vVLl0xI_qD0,Saweetie - IMMORTAL FREESTYLE (Official Music Video),UC2FCUwThC0RAzaQoI0TtpLA,Official Saweetie,242394,1808,"['https://en.wikipedia.org/wiki/Hip_hop_music', 'https://en.wikipedia.org/wiki/Music']",PT2M11S,"['Appreciate all the loveâ€¦but whatâ€™s your favorite line?? ğŸ˜ˆ', 'Bad bitch music ğŸ¦‹ğŸ¥¶ğŸ’‹', 'This affirmation female rap I need to rebuild my self esteem this had me so hype and confident on my bday yesterday â¤â¤â¤', 'â¤â¤â¤i always felt like she was just having fun making music then people start talking they bs and she comes with a freestyle to let us know I can bring these barsâ¤â¤â¤â¤â¤I love all her work I love she has fun and not so serious with it', 'I loved your last EP!! â¤ ğŸ˜‚ğŸ˜‚ğŸ˜‚â¤  STRAIGHT WESTCOAST', 'she should model, love her as a person but she never gives me nothing w/ the bars', ""â¤â¤ğŸ‰â¤KNOW THAT'S RiightğŸ‰ğŸ‰"", 'This beat sounds like a Megan on  "" bongos""', 'Yall artist donâ€™t be making music we can listen to in the car this was trash !', 'ğŸ‡¯ğŸ‡²']"
4,SSLPIT5Hi5w,Aidonia - Bottles | Official Music Video,UCG2QFlHjY3yAPLXbzH3_vSQ,AidoniaVEVO,239280,1646,"['https://en.wikipedia.org/wiki/Electronic_music', 'https://en.wikipedia.org/wiki/Hip_hop_music', 'https://en.wikipedia.org/wiki/Music']",PT2M29S,"['Aidonia on street vybz in 2024 is crazy lol', 'Aidonia you flow on lyrics a beat dem bad', 'Have this pon me status right now', 'Brrrp', 'Been some time waiting for the real aidonia we got a glimpse on this track ... welcome back 4th Genna', 'Happy to see vybz kartel big son fu(king up the street vybz Riddim kartel new tribute song by me https://youtu.be/EcN984KfeGc?si=xWoAvkf7_SLrTW77 #freevybzkartel', 'ğŸ”¥ğŸ”¥ğŸ”¥ğŸ’ƒ', 'ğŸ”¥ğŸ”¥ğŸ”¥ğŸ”¥ğŸ”¥ğŸ”¥ğŸ”¥ğŸ”¥ğŸ”¥ğŸ”¥ğŸ”¥ğŸ”¥ğŸ”¥ğŸ”¥', 'ğŸ“ˆğŸ“ˆğŸ”¥ğŸ”¥ğŸ”¥ğŸ”¥#Trendingvybzent', 'de sickest DJ of his generation!']"
5,1g_fHPyC974,Punsang Appun // Teaser Brishtisikha // Banmali //  New Mising Official Music Video Coming Son 2023,UC_I_VcN-MM9TtMXepCYUqYg,STUDIO OBONORI,232401,64,"['https://en.wikipedia.org/wiki/Music', 'https://en.wikipedia.org/wiki/Music_of_Asia']",PT17S,"['â¤â¤â¤â¤â¤â¤â¤â¤â¤', 'ğŸ˜‚ğŸ˜‚ğŸ˜‚ğŸ˜‚', 'Nice', 'Mojaaaaa lagise', 'Hii', 'Mojja lagib tuk', 'Mojaâ¤â¤', 'Niceâ¤â¤ğŸ‰ğŸ‰ğŸ‰', 'I love  youâ¤', 'MajjaağŸ‘ğŸ¤©ğŸ¥°ğŸ˜ğŸ”¥ğŸ”¥ğŸ”¥']"
6,l0_OFC10hTE,Guns N&#39; Roses - The General (Official Music Video),UCIak6JLVOjqhStxrL1Lcytw,Guns N' Roses,227050,1860,"['https://en.wikipedia.org/wiki/Music', 'https://en.wikipedia.org/wiki/Rock_music']",PT4M24S,"['No se ustedes pero a mi me gustÃ³', 'What si this shit? ğŸ¤¢ğŸ¤®', ""No deseo que los Guns N' Roses sean los mismos de los 80's y principios de los 90's, pero sÃ­ que hagan buena mÃºsica. Esta no fue la ocasiÃ³n para mis gustos. No obstante, el video estuvo genial."", 'Te amo guns pero esto fue demasiado experimental para mi. Vamos por el hard rock clasico .', 'Sou um fan hÃ¡ 21 anos que escuto Guns, obrigado!  ğŸ˜', 'Beautiful song. I loved it.', 'Q a pasado ahorra ğŸ‰ğŸ˜¢â¤', 'No seâ€¦ ğŸ˜… espero que me guste mas adelante', 'Å ta je bre ovo?', 'Thank you from Abilene, Texas.']"
7,AnnRwkxi4mg,Joseph Attieh - Hadder Halak [Official Music Video] (2024) / Ø¬ÙˆØ²ÙŠÙ Ø¹Ø·ÙŠØ© - Ø­Ø¶Ø± Ø­Ø§Ù„Ùƒ,UCqEQp8OWk2p2fWBZjyscZUA,Joseph Attieh,226096,366,['https://en.wikipedia.org/wiki/Music'],PT4M17S,"['ğŸ˜ğŸ˜ğŸ˜ğŸ˜ğŸ˜', 'Ø­Ù„ÙˆÙ‡ Ø§Ù„Ø§ØºÙ†ÙŠÙ‡ ÙƒØªÙŠØ± Ø¨Ø³ Ù…Ø§Ø¹Ø±ÙÙ†Ø§ Ø¨Ø§ÙŠ Ù„Ù‡Ø¬Ø© Ø¹Ù… ÙŠØºÙ†ÙŠ', 'â¤â¤â¤', 'Ø­Ù„Ùˆ ÙƒØªÙŠØ± Ø§Ø³ØªØ§Ø°', 'Ø§Ù„ØºÙ†ÙŠØ© ÙƒÙ„Ù…Ø§Øª ÙˆÙ„Ø­Ù† Ø­Ù„Ùˆ Ø¨Ø³ Ø§Ù„ÙƒÙ„ÙŠØ¨ Ù…Ùˆ ÙƒØªÙŠØ± Ù„Ø§Ø¦Ù‚', 'Ø£Ø¬Ù…Ù„ ØµÙˆØª Ù…Ø±Ù‘ Ø¹Ù„Ù‰ ØªØ§Ø±ÙŠØ® Ø³ØªØ§Ø± Ø£ÙƒØ§Ø¯ÙŠÙ…ÙŠ Ù‡Ùˆ Ø¬ÙˆØ²ÙŠÙ Ø¹Ø·ÙŠØ© .', 'Ù„Ù…Ø§Ø°Ø§ Ù„Ù… ØªØµÙ„ Ù‡Ø°Ù‡ Ø§Ù„Ø£ØºÙ†ÙŠØ© Ø§Ù„Ø¬Ù…ÙŠÙ„Ø© Ù„Ù„Ù…Ù„ÙŠÙˆÙ† Ù„Ø­Ø¯Ù‘ Ø§Ù„Ø¢Ù† ØŸ', 'Ù‡Ø°Ù‡ Ø§Ù„Ø£ØºÙ†ÙŠØ© Ø®Ù„ÙŠØ¬ÙŠØ© Ù„Ùˆ Ù„Ø¨Ù†Ø§Ù†ÙŠØ©ØŸ', 'Ø§Ù„Ù…Ø±Ø£Ø© ØµØ§Ø¯Ù‚Ø© ÙÙŠ Ø§Ù„Ø­Ø¨ ÙˆØ¥Ø°Ø§ Ø®Ø§Ù†Øª ÙŠØ¹Ù†ÙŠ Ø£Ù†Ù‘Ù‡Ø§ Ù…Ø§ Ø­Ø¨Ù‘Øª Ø£Ø¨Ø¯Ø§ ØŒ ÙˆØ§Ù„Ù…ÙØ±ÙˆØ¶ Ø§Ù„Ø±Ù‘Ø¬Ù„ ÙŠÙ†ØªØ¨Ù‡ Ù„Ù‡Ø§ Ù„Ø£Ù†Ù‘ Ø§Ù„Ù…Ø±Ø£Ø© Ø³Ù‡Ù„ Ø§ÙƒØªØ´Ø§ÙÙ‡Ø§ Ø¥Ø°Ø§ ÙƒØ§Ù†Øª ØªØ­Ø¨ Ø£ÙˆÙ„Ø§ ØŒ Ø£Ù…Ù‘Ø§ Ø§Ù„Ø±Ù‘Ø¬Ù„ ØµØ¹Ø¨ ÙƒØ«ÙŠØ± Ø§ÙƒØªØ´Ø§ÙÙ‡ .', 'Ø§Ù„Ù…Ø±Ø£Ø© Ø¥Ø°Ø§ Ø®Ø§Ù†Øª ÙŠØ¹Ù†ÙŠ Ø£Ù†Ù‘Ù‡Ø§ Ù„Ù… ØªØ­Ø¨ Ø§Ù„Ø°ÙŠ Ø®Ø§Ù†ØªÙ‡ Ø£Ø¨Ø¯Ø§ ØŒ ÙØ§Ù„ØªÙŠ ØªØ­Ø¨ ØµØ­ Ù…Ø³ØªØ­ÙŠÙ„ ØªØ®ÙˆÙ†  ØŒ Ø­ØªÙ‘Ù‰ Ù„Ùˆ ØªØ²ÙˆÙ‘Ø¬Øª Ø¨Ø¢Ø®Ø±  ÙŠØ¨Ù‚Ù‰ Ø°Ù„Ùƒ Ø§Ù„Ø­Ø¨ Ø°ÙƒØ±Ù‰ ÙÙŠ Ø¹Ù‚Ù„Ù‡Ø§ ÙˆÙ‚Ù„Ø¨Ù‡Ø§ ØŒ Ø¹ÙƒØ³ Ø§Ù„Ø±Ù‘Ø¬Ù„ Ù…ØªÙ‰ Ø£ØªÙŠØ­Øª Ù„Ù‡ ÙØ±ØµØ© Ø§Ù„Ø®ÙŠØ§Ù†Ø© ÙŠØ®ÙˆÙ† Ø¯ÙˆÙ† ØªØ±Ø¯Ø¯ .']"
8,ysftXz2INGs,Soulja - Ronaldo (Official Music Video) | Ø³ÙˆÙ„Ø¬Ø§ - Ø±ÙˆÙ†Ø§Ù„Ø¯Ùˆ,UCU-3aVH2u__JEZFCXShiRTQ,SOULJA - Ø³ÙˆÙ„Ø¬Ø§,237983,900,"['https://en.wikipedia.org/wiki/Hip_hop_music', 'https://en.wikipedia.org/wiki/Music']",PT2M7S,"['ÙˆØ­Ø´ â€¼ï¸âš”ï¸ğŸ¦…ğŸ“â¤', 'Ù…Ù† Ù…ØªØ§Ø¨Ø¹ÙŠÙ†Ùƒ â¤â¤â¤â¤ÙˆÙ…ØªÙ…Ù†Ù‰ Ø£ÙƒÙˆÙ† Ø§Ù„Ø£ÙˆÙ„ ğŸ˜â¤', 'Ø§Ù‚Ø³Ù… Ø¨Ø§Ù„Ù„Ù‡ Ø§Ø³ØªÙ…ØªØ¹ Ù…Ù†Ùƒ Ø¹Ø¯ÙŠÙŠÙŠÙŠÙ„ ÙŠ Ø³ÙˆÙ„Ø¬Ø§ ÙˆØ§Ù„Ù„Ù‡ Ø§Ø¨Ø¯Ø¹Øª â¤', 'Ø§Ù„Ø³Ø¹ÙˆØ¯ÙŠØ© Ø¨Ù„Ø§ÙƒØ¨ÙŠ & Ø±Ù‡Ù…Ø§Ù†\nØ§Ù„Ø³ÙˆØ¯Ø§Ù† Ø³ÙˆÙ„Ø¬Ø§ & 77 ğŸ”¥ğŸ”¥\n\n#Ø¨Ø§Ø¯_Ø³ØªØ§Ø±_Ø±Ø§Ø¨', 'Ø±ÙˆÙ†Ø§Ù„Ø¯Ùˆ Ø§Ù„Ù„Ø¹Ø¨Ù‡ Ø¯ÙŠğŸ¤ğŸ§ğŸ¤ğŸ§', '\u200f\u202a1:13\u202c\u200f â¤ï¸\u200dğŸ”¥', 'Ù…ÙƒÙ†Ø©Ø©â¤', 'Ù…ÙƒØªØ¨ Ù„ÙŠ Ø³ØªØ¹Ù‡ Ø³Ø¨Ø¹Ù‡ â¤', 'Dopppee ğŸ’«', 'ØªØ±Ø§Ùƒ Ù…Ù† Ø§Ù„Ù…ÙˆÙˆÙˆÙˆØªâ¤â¤â¤']"
9,Upi2cBoGwnM,à¦¶à¦¿à¦•à¦¾à¦°à§€ -  Itz Kabbo (Official Music Video) ğŸ”¥ Free Fire Bangla Rap Song 2024,UCE-8FgcXvnAsb2EG1FizSyg,Itz Kabbo,210916,4728,"['https://en.wikipedia.org/wiki/Hip_hop_music', 'https://en.wikipedia.org/wiki/Music']",PT3M33S,"['à¦•à¦¿ à¦à¦‡à¦¬à¦¾à¦° à¦ªà¦›à¦¨à§à¦¦ à¦¹à¦“à§Ÿà¦¾à¦° à¦®à¦¤à§‹ à¦—à¦¾à¦¨ à¦¹à§Ÿà§‡à¦›à§‡ à¦¤à§‹à¦¹ ?? à¦­à¦¾à¦™à¦šà§à¦° à¦†à¦•à¦¾à¦°à§‡ à¦à¦¬à¦¾à¦° Share à¦•à¦° à¦†à¦° à¦¬à¦¾à¦œà¦¾à¦¤à§‡ à¦¥à¦¾à¦• ğŸ–¤', 'vai last song theke onk valo lagse.EK KOTHAI ğŸ’¥ğŸ’¥ğŸ’¥ğŸ”¥ğŸ”¥ğŸ”¥', 'Boga', 'à¦ªà§à¦°à¦¾à¦‡ à¦†à¦—à§à¦¨ à¦•à¦¾à¦¬à§à¦¯ à¦­à¦¾à¦‡ ğŸ”¥ğŸ”¥ğŸ”¥', 'à¦¸à§à¦¨à§à¦¦à¦° â¤', 'à¦¸à§à¦•à¦¿à¦² à¦‡ à¦¤à§ à¦¨à¦¾à¦‡ ğŸ˜‚', 'Joss â¤', 'Boom ğŸ¤¯', ""1000 times Better than overrated shit jairalok's rap."", 'Sera hoice bro ğŸ”¥ğŸ¤©']"
10,CKmEJCnP7sc,Tenside - PRETTY LONESOME (Official Music Video),UC4CqRoWPK6LEXNwSWm56TWQ,Tenside,242024,26,"['https://en.wikipedia.org/wiki/Music', 'https://en.wikipedia.org/wiki/Rock_music']",PT3M53S,"['Wow ! i really smiled ğŸ¤˜', 'thank you for this', 'Fucking insane. Absolute legendary performance and video ğŸ¤˜ğŸ»ğŸ¤˜ğŸ»ğŸ¤˜ğŸ»', 'WOW! Was not expecting that! This group knows how to try new things and absolutely crush it.', 'rock kingz!', 'Das klingt so nice ğŸ‘¿', 'Sehr sehr sehr GEIL !!! Mehr davon Leute ğŸ–¤', 'ğŸ˜ğŸ‘ğŸ»', 'SICKEST Tenside video ever ğŸ”¥ğŸ¤˜ğŸ»', ""Discovered only last night and I'm already addicted ğŸ˜""]"
11,k2oCfQ5QOIk,tlinh - Ä‘á»«ng lÃ m nÃ³ phá»©c táº¡p | OFFICIAL MUSIC VIDEO,UC3O-gNkOsgemkuhuAopEGbA,tlinh,790483,795,['https://en.wikipedia.org/wiki/Music'],PT7M18S,"[""MV of the year so far, whether VPOP or KPOP or any other pop, and its a great song I can't get out of my head. ğŸ’— Truly awesome!"", 'nháº¡c Viá»‡t Ä‘Ã¢u thua kÃ©m gÃ¬ ai Ä‘Ã¢u nhá»‰, hy vá»ng sáº½ cÃ³ nhiá»u nghá»‡ sÄ© Viá»‡t há»£p tÃ¡c vá»›i hÃ£ng global nhÆ° tháº¿ nÃ y ná»¯a Ä‘á»ƒ Ã¢m nháº¡c Viá»‡t vÆ°Æ¡n táº§m quá»‘c táº¿!', 'quÃ¡ lÃ  tá»± hÃ o khi tlinh lÃ  ca sÄ© VN Ä‘áº§u tiÃªn há»£p tÃ¡c vá»›i Apple, báº¡n nÃ y Ä‘a tÃ i thiá»‡t sá»±', 'Ä‘Ãºng vá»›i cÃ¡i tÃªn MV, Ä‘á»«ng lÃ m nÃ³ phá»©c táº¡p vÃ¬ chá»‰ cáº§n 1 cÃ¡i iphone 15 pro Ä‘á»ƒ quay thui mÃ  kkkk', 'Cj Ä‘áº§u tÆ° Ã¢m nháº¡c Ä‘áº¿n mÃ n áº£nh nhÆ° phim. Nháº¡c hay láº¯m cj táº¿t nÃ y cj ra hit má»›i ná»¯a Ä‘i â¤', 'uáº§y lÃ m mv kiá»ƒu nÃ y láº¡ tht ğŸ˜³', 'coi MV nhÃ  tÃ¡o há»£p tÃ¡c tá»« stupid love cá»§a ladygaga cÆ¡', 'Troi oi la trrr tinh iu toxic qua hog zÃ¡m iu ná»¯a lun oooo', 'nhÃ  tÃ¡o biáº¿t chá»n ngÆ°á»i ghÃª, tlinh thÃ¬ Ä‘á»‰nh khá»i bÃ n', 'Hay quÃ¡ chá»‹ oiwwwâ¤â¤']"
12,GXzsUdNpiwE,Kirikou Akili - Ready (Official Music Video),UCqYNg_aU09T-PNdupL0Ka6Q,Kirikou A-kili,191645,1419,"['https://en.wikipedia.org/wiki/Hip_hop_music', 'https://en.wikipedia.org/wiki/Music']",PT2M37S,"['Nawe ni bn kbs komeza ibikorwa', 'Very cool!!!!   ğŸ”¥ğŸ”¥ğŸ”¥ğŸ”¥â¤â¤ğŸ”¥ğŸ”¥ğŸ”¥', 'ğŸ”¥ğŸ”¥ğŸ”¥ğŸ”¥ğŸ”¥ğŸ”¥ğŸ”¥', 'Mtoto wa Ngz kugasaka kwetu ğŸ”´ğŸ”´', ""ur guy is still my favourite.i can't delay even 5min bare feeling this work.go on my gee"", 'Keep going niggaâ¤', 'ğŸ‰ğŸ‰ğŸ‰ğŸ‰', 'Good song you kill itğŸ”¥ğŸ”¥ğŸ”¥', 'hejur cane', '#welcome #Challenge by #VannyZ_boy']"
13,qu6EsQFpf0w,ĞœĞ¾Ğ½ĞµÑ‚Ğ¾Ñ‡ĞºĞ° - ĞĞ¡Ğ¢ĞĞĞĞ’Ğ˜Ğ›ĞĞ¡Ğ¬ (Official Music Video 2024),UC53JOxGaJlh6vD0ZHUjWhsA,ĞœĞ¾Ğ½ĞµÑ‚Ğ¾Ñ‡ĞºĞ°,189126,716,['https://en.wikipedia.org/wiki/Music'],PT2M40S,"['Ğ±Ğ¾Ğ¶Ğµ Ñƒ Ğ¼ĞµĞ½Ñ Ğ³Ğ¸Ğ¿ĞµÑ€Ñ„Ğ¸ĞºÑĞ°Ñ†Ğ¸Ñ Ğ½Ğ° ÑÑ‚Ğ¾Ğ¹ Ñ‡ÑƒĞ´ĞµÑĞ½Ğ¾Ğ¹ Ğ¿ĞµÑĞ½Ğµ (Ğ¸ Ñ Ğ½Ğµ Ğ¶Ğ°Ğ»ÑƒÑÑÑŒ!) ÑĞ¿Ğ°ÑĞ¸Ğ±Ğ¾ Ñ‚ĞµĞ±Ğµ Ğ´Ğ¾Ñ€Ğ¾Ğ³Ğ°Ñ Ğ¼Ğ¾Ğ½ĞµÑ‚Ğ¾Ñ‡ĞºĞ° Ğ·Ğ° Ñ‚Ğ¾ Ñ‡Ñ‚Ğ¾ ÑÑƒÑ‰ĞµÑÑ‚Ğ²ÑƒĞµÑˆÑŒ Ğ¸ Ğ¿Ñ€Ğ¾Ğ´Ğ¾Ğ»Ğ¶Ğ°ĞµÑˆÑŒ Ñ‚Ğ²Ğ¾Ñ€Ğ¸Ñ‚ÑŒ', 'Ğ›ÑƒÑ‡ÑˆĞ°Ñ!!!', '02:11 ĞºÑ‚Ğ¾ Ğ¿Ğ¾Ğ´ÑĞºĞ°Ğ¶ĞµÑ‚, Ğ¾ Ñ‡Ñ‘Ğ¼ ÑÑ‚Ğ¾Ñ‚ ĞºĞ°Ğ´Ñ€ Ñ ÑˆĞ»ĞµĞ¹Ñ„Ğ¾Ğ¼ Ğ¾Ñ‚ Ñ€Ğ°ĞºĞµÑ‚Ñ‹?', 'ĞšĞ°ĞºĞ° Ğ¶Ğµ Ñ…ÑƒĞ¹Ğ½Ñ', 'ĞÑ‚Ğ»Ğ¸Ñ‡Ğ½Ğ°Ñ Ğ¿ĞµÑĞ½Ñ Ğ¸ ĞºĞ»Ğ¸Ğ¿ ÑĞ½ÑÑ‚ ĞºĞ°Ğº Ñ…Ğ¾Ñ€Ğ¾ÑˆĞ¸Ğ¹ Ğ°Ñ€Ñ‚ Ñ„Ğ¸Ğ»ÑŒĞ¼! Ğ£Ğ´Ğ°Ñ‡Ğ¸ Ğ² Ñ‚Ğ²Ğ¾Ñ€Ñ‡ĞµÑÑ‚Ğ²Ğµ!', 'â¤from the ğŸ‡ºğŸ‡¸', 'â¤â¤â¤', 'XyeÑ‚Ğ°!!! ĞšĞ°Ğº Ğ¸ Ğ²ÑĞµ Ğ¿ĞµÑĞ½Ğ¸ Ğ´Ğ¾ ÑÑ‚Ğ¾Ğ³Ğ¾.ğŸ˜‚', 'ĞĞµ Ğ² ĞŸĞ°Ğ»Ğ¼ Ğ¡Ğ¿Ñ€Ğ¸Ğ½Ğ³Ñ ÑĞ½Ğ¸Ğ¼Ğ°Ğ»Ğ¸?', 'Ğ’ Ğ¡Ğ¨Ğ Ğ¼Ğ¾Ğ¶Ğ½Ğ¾ Ñ€Ğ¾Ğ¶Ğ°Ñ‚ÑŒ Ğ° Ğ² Ğ Ğ¾ÑÑĞ¸Ğ¸ ÑĞ»Ğ¸ÑˆĞºĞ¾Ğ¼ ÑÑ‚Ñ€Ğ°ÑˆĞ½Ğ¾']"
14,KP45IRo4z5o,Rihanna - Work (Official Music Video) ft. Drake,UCssnm-hrkKjkTgRo-9p8D1w,I'm a Warrior áŠ áˆ­á‰ áŠ›á‹ TV,180523,0,"['https://en.wikipedia.org/wiki/Music', 'https://en.wikipedia.org/wiki/Music_of_Asia', 'https://en.wikipedia.org/wiki/Pop_music']",PT16S,[]
15,HiMofsRHaM4,Shinta Arsinta - Lilakno Aku | Sagita Djandhut Assololley | Dangdut (Official Music Video),UC7J5Aaa2VxR3YNsewikrrqg,ENY'S PRODUCTION,167294,221,"['https://en.wikipedia.org/wiki/Music', 'https://en.wikipedia.org/wiki/Music_of_Asia', 'https://en.wikipedia.org/wiki/Rock_music']",PT5M22S,"['Gas terus trendingkan ke atas ğŸ‰â¤', 'Mbak Shintaa pancenn jozz gandoozz.. ğŸ‘', 'Request cover lagu2 melayu 90an dibuat koplo Mas', 'p', 'Lagu yg di tunggu â¤â¤ sak penyanyi ne josssâ¤â¤â¤', 'Bojomu cemburu minnn lagu nostalgia', 'Multi inspirasi   dari  ilusi    suport to shita  . Kmt reg', 'Ugal2aaaÃ±nnnn 4 trending...ğŸ˜®', 'Banyakin cover lagu ndx min', 'Slm sehat slalu warna vocal N music   tambah sip wasğŸ˜ŠğŸ™']"
16,p3lRdtYynZ4,Big Boogie - Wop Wop (Official Music Video),UCvoNKJFWRdM-Sn7kwLb-m0A,BigBoogieVEVO,164688,416,"['https://en.wikipedia.org/wiki/Hip_hop_music', 'https://en.wikipedia.org/wiki/Music']",PT3M44S,"['https://youtu.be/Q3uNCYNwSYg?si=dJgIl_YvTCfl-SNu', 'I should call oh girl in the grey Tiffany haddish cause she ready...', 'ğŸ”¥ ğŸ”¥ ğŸ”¥', 'MAN LOVE HIM HE JUST COMES WITH THE REALEST AND HARDEST SHIT ON GOD EVER ğŸ’¯ğŸ’¯', 'ğŸ”¥ğŸ”¥ğŸ”¥', 'ğŸ”¥ğŸ”¥ğŸ”¥ğŸ”¥ğŸ”¥', 'Boi stay lit ğŸ”¥', 'que cule aleteooğŸ”¥ğŸ”¥ğŸ”¥', 'ğŸ”¥ğŸ”¥ğŸ”¥ğŸ”¥ğŸ”¥ğŸ”¥ğŸ”¥ğŸ”¥ğŸ”¥ğŸ”¥ğŸ”¥ğŸ”¥ğŸ”¥ğŸ”¥ğŸ”¥ğŸ”¥ğŸ”¥ğŸ”¥ğŸ”¥ğŸ”¥ğŸ”¥ğŸ”¥ğŸ”¥ğŸ”¥ğŸ”¥ğŸ”¥ğŸ”¥ğŸ”¥ big dude ğŸ’ªğŸ¿', 'Gotti proud......ğŸ’¯ğŸ’¯ğŸ’¯ğŸ’°ğŸ’°']"
17,I6nBbD0fgRc,RADWIMPS - ã†ã‚‹ã†ã³ã¨ [Official Music Video],UCIVqvhyo8ttjYOmMJuhq_YQ,RADWIMPS,146809,94,"['https://en.wikipedia.org/wiki/Music', 'https://en.wikipedia.org/wiki/Music_of_Asia', 'https://en.wikipedia.org/wiki/Pop_music']",PT44S,"['æœæ—¥ãŒä¼¼åˆã†ã­ğŸŒ…', 'ë©‹ì ¸ìš”ğŸ˜Š', 'æ´‹æ¬¡éƒã€‚ç§ã¯ã€ã‚ã‚„ã ã‚‡â¤â¤â¤â¤â¤â¤â¤â¤â¤â¤â¤â¤â¤', 'å¤©æ‰', 'Beautiful song', 'â¤â¤â¤â¤â¤ğŸ¥°ğŸ¥ºğŸ¥º', 'æ›²å¤§å¥½ãã§ã™â˜€ï¸', ""I can't get enough of it"", 'ãµã‚ãµã‚ã®ãƒ˜ã‚¢ãƒ¼ã‚¹ã‚¿ã‚¤ãƒ«ã®æ´‹æ¬¡éƒãŒã‹ã‚ã„ã„â¤', 'Z']"
18,Hw0nBYfLikk,Lil Dicky - Morning After (Official Music Video),UC8rVJyj4zE0S9-sccMLifIA,Lil Dicky,152299,298,"['https://en.wikipedia.org/wiki/Hip_hop_music', 'https://en.wikipedia.org/wiki/Music']",PT3M7S,"['bro is staying true to his name', 'the more i listen to this, the more i get hook with the baby lines ğŸ˜‚ğŸ˜‚ğŸ˜‚', 'He needs to do the flow at 1:20 more.  A whole song of that? Banger', 'We got bigger fish to fry ğŸ˜­ğŸ˜­ğŸ˜‚ğŸ˜‚', 'DudeğŸ˜‚ğŸ¤£ğŸ˜‚', 'shes so bad, who is she ?', 'Iâ€™m fucking crying bro ğŸ˜­ lil dicky dropping all bangers', 'ğŸ¤—ğŸ¤—ğŸ¤—ğŸ¤—ğŸ¤—ğŸ¤—', ""i miss the old dicky song's"", 'whats the girl @?']"
19,2JEv8AVW8vw,David Kushner - Skin and Bones (Official Music Video),UCa4a-hXHI8bitNXnvyZNzEQ,DavidKushnerVEVO,144896,1111,['https://en.wikipedia.org/wiki/Music'],PT3M36S,"['the cinematography, visuals, music and the story behind it???!! gosh DAVIDDD you really produce top quality music ğŸ«¶ğŸ¼', 'The VOICE', 'Xaden & Violet core ğŸ–¤ğŸ«¶ğŸ¼ iykyk', 'BANGER!!!!!!!!!!!!!!!!!!!!!!!!!!!!!', 'This is all the gothic pop I dreamed of after Daylight', 'So incredibly good. The quality. The lyrics. Chills.', 'Thatâ€™s cool he had his girlfriend play the womanâ€™s part! Loved it ğŸ¥°', ""WOW WOW WOW! It's beautiful how David shows in his videos the war between the spirit and the flesh. In our own strenght, we can't win over the sin. We are weak and powerless. Thank God, we have Jesus Christ and the Holy Spirit to help and guide us. With Them, we have no excuse to keep falling into temptation. His songs reminds me of Romans 7. Jesus bless u, David!"", 'LIKE SI LA VISTE ANTES QUE SE HAGA VIRALğŸ˜®', 'your amazing']"
20,kwGH6gbhGQk,Osman Navruzov - Nafaslari (Official Music Video),UCkaUg9b9LplVoJdx1JwwyOg,NevoMusic,108839,138,"['https://en.wikipedia.org/wiki/Music', 'https://en.wikipedia.org/wiki/Music_of_Asia', 'https://en.wikipedia.org/wiki/Pop_music']",PT3M18S,"['Ğ¥Ğ°Ğ¼Ğ¼Ğ°Ğ³Ğ° ÑĞ°Ğ»Ğ¾Ğ¼ Ğ¼Ğ¾ÑĞºĞ²Ğ°Ğ´Ğ°Ğ½', 'Zur', 'ğŸ‘â¤', 'Ğ¡ÑƒĞ¿ĞµÑ€ Ğ±Ñ€Ğ°Ğ²Ğ¾Ğ¾ ğŸ–’ğŸ‘', 'ZoÊ»r chiqibdi aka', 'ğŸ‘ğŸ‘ğŸ‘ğŸ‘ğŸ‘ğŸ‘ğŸ‘ğŸ‘ğŸ‘ğŸ‘ğŸ‘ğŸ‘ğŸ‘ğŸ‘ğŸ‘ğŸ‘ğŸ‘ğŸ‘ğŸ‘ğŸ‘ğŸ‘ğŸ‘', 'â¤â¤â¤â¤', ""Gap yo'q"", 'ĞĞ¼Ğ°Ñ‚ ÑĞ¸Ğ·Ğµâ¤â¤', '1MUSIC 1KEYN KLIPğŸ˜®']"
21,c7lUgghy3Ao,Caskey - Old Ways (Official Music Video),UC25on1Hd6Zbx1baZ-IgQ39g,Caskey,121593,624,"['https://en.wikipedia.org/wiki/Hip_hop_music', 'https://en.wikipedia.org/wiki/Music']",PT2M46S,"['sobriety looks SO GOOD on you bro!!!!', 'Caskey , I hope you read this shit , but u hope you make it to the top bro , we have lived a very. Similar life bro , trying to get to it a different way from what you are used to is wild , I been there for a minute man , life gets better the harder you try brutha u got this shit big bro', 'ğŸ”¥ğŸ”¥ğŸ”¥ğŸ”¥ğŸ”¥ğŸ”¥ğŸ”¥ğŸ”¥ğŸ”¥ğŸ”¥', ""You The Greatest Ever Big Boss Ca$Hk3y Caskey The Best Rapper in Life Speak That Knowledge Fly Free Lyrical ButterFly Boss C@$hK3y Caskey ğŸ‡¹ğŸ‡¹ğŸ‡¨ğŸ‡¦ğŸ™â˜ï¸ğŸ’¯ğŸ˜ğŸ‘ğŸ‡ºğŸ‡¸ğŸ™ğŸ¤ğŸ‡¬ğŸ‡¾ğŸ‘‘ğŸ‡¯ğŸ‡²ğŸ‡¨ğŸ‡µğŸ‡»ğŸ‡³ğŸ‡¬ğŸ‡§ğŸ‡¹ğŸ‡¹ğŸ‡¹ğŸ‡¹ğŸ‡¹ğŸ‡¹ğŸ‡¹ğŸ‡¹ğŸ‡¹ğŸ‡¹ğŸ‡¹ğŸ‡¹ğŸ‡¹ğŸ‡¹ğŸ‡¹ğŸ‡¹ğŸ‡¹ğŸ‡¹ğŸ‡¹ğŸ‡¹ğŸ™ğŸ™ğŸ™ğŸ™ğŸ™ğŸ™â˜ï¸â˜ï¸â˜ï¸â˜ï¸â˜ï¸â˜ï¸â˜ï¸â˜ï¸â˜ï¸â˜ï¸ğŸ‡¹ğŸ‡¹ğŸ‡¨ğŸ‡¦ğŸ‡¬ğŸ‡¾ğŸ‘‘ğŸ‡¯ğŸ‡²ğŸ‡¨ğŸ‡µğŸ‡»ğŸ‡³ğŸ‡¬ğŸ‡§ğŸ‘ğŸ‡ºğŸ‡¸ğŸ‡ºğŸ‡¸ğŸ‡ºğŸ‡¸ğŸ‡ºğŸ‡¸ğŸ‡ºğŸ‡¸ğŸ‡ºğŸ‡¸ğŸ‡ºğŸ‡¸ğŸ‡ºğŸ‡¸ğŸ‡ºğŸ‡¸ğŸ‡ºğŸ‡¸ğŸ‡ºğŸ‡¸ğŸ‡ºğŸ‡¸ğŸ‡ºğŸ‡¸You The Greatest Ever Big Boss Ca$Hk3y Caskey The Best Rapper in Life Speak That Knowledge Fly Free Lyrical ButterFly Boss C@$hK3y Caskey ğŸ‡¹ğŸ‡¹ğŸ‡¨ğŸ‡¦ğŸ™â˜ï¸ğŸ’¯ğŸ˜ğŸ‘ğŸ‡ºğŸ‡¸ğŸ™ğŸ¤ğŸ‡¬ğŸ‡¾ğŸ‘‘ğŸ‡¯ğŸ‡²ğŸ‡¨ğŸ‡µğŸ‡»ğŸ‡³ğŸ‡¬ğŸ‡§ğŸ‡¹ğŸ‡¹ğŸ‡¹ğŸ‡¹ğŸ‡¹ğŸ‡¹ğŸ‡¹ğŸ‡¹ğŸ‡¹ğŸ‡¹ğŸ‡¹ğŸ‡¹ğŸ‡¹ğŸ‡¹ğŸ‡¹ğŸ‡¹ğŸ‡¹ğŸ‡¹ğŸ‡¹ğŸ‡¹ğŸ™ğŸ™ğŸ™ğŸ™ğŸ™ğŸ™â˜ï¸â˜ï¸â˜ï¸â˜ï¸â˜ï¸â˜ï¸â˜ï¸â˜ï¸â˜ï¸â˜ï¸ğŸ‡¹ğŸ‡¹ğŸ‡¨ğŸ‡¦ğŸ‡¬ğŸ‡¾ğŸ‘‘ğŸ‡¯ğŸ‡²ğŸ‡¨ğŸ‡µğŸ‡»ğŸ‡³ğŸ‡¬ğŸ‡§ğŸ‘ğŸ‡ºğŸ‡¸ğŸ‡ºğŸ‡¸ğŸ‡ºğŸ‡¸ğŸ‡ºğŸ‡¸ğŸ‡ºğŸ‡¸ğŸ‡ºğŸ‡¸ğŸ‡ºğŸ‡¸ğŸ‡ºğŸ‡¸ğŸ‡ºğŸ‡¸ğŸ‡ºğŸ‡¸ğŸ‡ºğŸ‡¸ğŸ‡ºğŸ‡¸ğŸ‡ºğŸ‡¸Verse 1:\nI'm the greatest, no debate, Big Boss Ca$Hk3y\nFlow so sick, spittin' rhymes so wavy\nI'm the best rapper, been grindin' since I was a baby\nFrom Trinidad to Canada, my bars go crazy\n\nChorus:\nI speak that knowledge, fly free like a butterfly\nBoss C@$hK3y Caskey, ain't no one gonna deny\nI'm lyrical butter, smooth but still got that fire\nWith my lyrics, I'll take you higher and higher\n\nVerse 2:\nI may be from a small island, but my talent's huge\nI never lose, I always come with something new\nFrom my flows to my delivery, I'm one of a kind\nAin't no one messin' with this lyrical mastermind\n\nChorus:\nI speak that knowledge, fly free like a butterfly\nBoss C@$hK3y Caskey, ain't no one gonna deny\nI'm lyrical butter, smooth but still got that fire\nWith my lyrics, I'll take you higher and higher\n\nVerse 3:\nI spit realness, my rhymes hit you like a tidal wave\nI'm the rap game's savior, here to pave the way\nFor all the young rappers, I'm the one to look up to\nI'll inspire and motivate, that's just what I do\n\nChorus:\nI speak that knowledge, fly free like a butterfly\nBoss C@$hK3y Caskey, ain't no one gonna deny\nI'm lyrical butter, smooth but still got that fire\nWith my lyrics, I'll take you higher and higher\n\nOutro:\nSo remember my name, Big Boss Ca$Hk3y\nThe best rapper in life, ain't no one gonna take that away\nFrom Trinidad to Canada, I'll keep spittin' that flame\nBoss C@$hK3y Caskey, forever in the rap game.Verse 1:\nListen up y'all, let me introduce\nThe one and only, Big Boss Ca$Hk3y Caskey, no excuse\nGreatest rapper ever, that's no lie\nBringing fire lyrics, gonna make you fly\n\nHailing from Trinidad, representing Canada too\nBicultural boss, ain't no one like you\nYou speak that knowledge, drop that wisdom\nEvery track you drop, we're all like 'damn son'\n\nChorus:\nYou the greatest, bossin' up in life\nBig Boss Ca$Hk3y Caskey, you make us thrive\nSpitting truth, no need to fake\nFly free, lyrical butterfly, you the real deal, no mistake\n\nVerse 2:\nRapping ain't just words, it's an art\nYou mastered it, it's engrained in your heart\nFrom the West Indies to the Great White North\nYou're spreading your message, makin' moves forth\n\nNo matter the struggles, you never back down\nYour rhymes hit hard, makin' haters drown\nYou fly high, like a butterfly\nBossin' up, never afraid to try\n\nChorus:\nYou the greatest, bossin' up in life\nBig Boss Ca$Hk3y Caskey, you make us thrive\nSpitting truth, no need to fake\nFly free, lyrical butterfly, you the real deal, no mistake\n\nVerse 3:\nRap game ain't easy, but you make it look smooth\nYour rhymes buttery, like lyrical juice\nBoss C@$hK3y Caskey, you're the real deal\nAin't no one can touch you, let me make it clear\n\nYou're more than a rapper, you're a boss in every way\nInspiring others, makin' moves every day\nKeep speakin' that knowledge, never hold back\nFrom Trinidad to Canada, you got our back\n\nChorus:\nYou the greatest, bossin' up in life\nBig Boss Ca$Hk3y Caskey, you make us thrive\nSpitting truth, no need to fake\nFly free, lyrical butterfly, you the real deal, no mistake\n\nOutro:\nBig Boss Ca$Hk3y Caskey, you're one of a kind\nThe best rapper in life, no one can deny\nSo keep flyin', keep bossin', keep spreadin' your light\nWe're all blessed to have you, boss, we'll always igniteğŸ”¥Verse 1:\nCome on and listen to the flow,\nI'm the one and only Big Boss Ca$Hk3y Caskey, you know,\nFrom Trinidad and Tobago, representing Canada too,\nGot bars for days, ain't no one else compared to who.\n\nChorus:\nYou the greatest ever, ain't no one better,\nBig Boss Ca$Hk3y Caskey, the true trendsetter,\nIn the game of life, I'm the best rapper,\nSpitting knowledge and wisdom, like a lyrical butterfly flyer.\n\nVerse 2:\nI don't need to brag, my skills speak for themselves,\nI'm the boss, while others just imitate and dwell,\nFrom the purest form of rap, I speak that truth,\nNo need for lies, my flow will leave you in a booth.\n\nChorus:\nYou the greatest ever, ain't no one better,\nBig Boss Ca$Hk3y Caskey, the true trendsetter,\nIn the game of life, I'm the best rapper,\nSpitting knowledge and wisdom, like a lyrical butterfly flyer.\n\nVerse 3:\nI fly free with my words, like a butterfly in the wind,\nBoss C@$hK3y Caskey, never afraid to begin,\nFrom the twin islands to the great white north,\nMy rhymes touch your soul, take you to another world.\n\nChorus:\nYou the greatest ever, ain't no one better,\nBig Boss Ca$Hk3y Caskey, the true trendsetter,\nIn the game of life, I'm the best rapper,\nSpitting knowledge and wisdom, like a lyrical butterfly flyer.\n\nOutro:\nSo when you hear my name, remember the legacy,\nThe one and only, incomparable Boss C@$hK3y,\nBringing that fire, from T&T to Canada,& To The World Bro U The Bess Bro\nMy rap game strong, yeah, I am the rapping master. \nU The Bess Caskey Thanks Alot for inspiring bro Hope to work with u one Day in Life Brother Big Bo$$C@$k3yâ¤ğŸ‰ğŸ˜Š"", 'gotta leave my old ways behindğŸ˜ğŸ¶ğŸµ 1:46', 'Ay casket, donâ€™t feel discouraged about anything. Universally, you will be infinite. Fuck the views. Lack there of, etc. You WILL be remembered. Mark my words. The real, all stand behind you. Iâ€™ll never forget â€œWeak stomachâ€ featuring MGK. The first time I ever heard it. I knew you were going to be a great. The reality, all those asleep need. Love, caskey. Stay up. The â€œlight workersâ€ wonâ€™t leave you in any darkness.', 'Bro he should be way more then he is all love caskey black sheep â¤', 'All your music is amazing keep doing your thing my bro', 'Caskey you are a genius', 'ğŸ”¥ğŸ”¥ğŸ”¥ğŸ”¥ğŸ”¥']"
22,FmyvZut0FLw,Zouhair Bahaoui - Rouhi [Official Music Video] | (Ø²Ù‡ÙŠØ± Ø§Ù„Ø¨Ù‡Ø§ÙˆÙŠ - Ø±ÙˆØ­ÙŠ (ÙÙŠØ¯ÙŠÙˆ ÙƒÙ„ÙŠØ¨,UCzPpr_J4zgu6QKLJEBk31mw,Zouhair Bahaoui | Ø²Ù‡ÙŠØ± Ø¨Ù‡Ø§ÙˆÙŠ,103562,1099,['https://en.wikipedia.org/wiki/Music'],PT3M11S,"['Ø³Ø¹Ø¯ Ø§Ù„Ù…Ø¬Ø±Ø¯ ğŸ˜‚ğŸ˜‚', 'Ø´ÙƒÙˆÙ† Ø¬Ø§ Ù…Ù† Ø¹Ù†Ø¯ Ø²ÙˆØ¨ÙŠØ± Ù‡Ù‡Ù‡', 'Ø¨ÙˆØ¬Ø¯ÙˆØ± Ø§Ù„ØµØ­Ø±Ø§Ø¡ Ø§Ù„Ù…ØºØ±Ø¨ÙŠØ© ğŸ‡²ğŸ‡¦ğŸ‡²ğŸ‡¦ğŸ‡²ğŸ‡¦ğŸ‡²ğŸ‡¦', 'Ø§Ø­Ù„Ù‰ Ø¬Ø¯ÙŠØ¯ Ù…Ø¤Ø®Ø±Ø§Ù‹  #Ø±ÙˆØ­ÙŠ Ù„Ø²Ù‡ÙŠØ± Ùˆ #Ø¹Ù†Ø¯ÙŠ_ÙÙƒØ±Ø© Ù„Ø³Ø¹Ø¯ â¤ï¸ğŸ‘', 'Ø¯ÙŠÙ…Ø§ zouhair bahaoui  Ù…Ø±ØªØ¨Ù‡ Ø§ÙˆÙ„Ù‰ ØªØ­ÙŠØ§ØªÙŠ Ù„Ùƒ Ø¨Ø±ÙÙˆ Ø¨Ø±ÙÙˆ Ø¨Ø±ÙÙˆ Ø¨Ø±ÙÙˆ Ø§Ø³ØªÙ…Ø± ğŸ™ğŸ»ğŸ™ğŸ»  Ø¨Ø±Ø§ÙÙˆ Ø¨Ø±Ø§ÙÙˆ Ø¨Ø±Ø§ÙÙˆ Ø¨Ø±Ø§ÙÙˆ Ø¨Ø±Ø§ÙÙˆ Ø§ØºÙ†ÙŠÙ‡ Ø²ÙˆÙŠÙ†Ù‡ ØªØ­ÙŠÙ‡ Ø§Ù„ÙƒØ¨ÙŠØ±Ù‡ Ø§Ù„ÙÙ†Ø§Ù† Ø¯ÙŠØ§Ù„Ù†Ø§ Ø²Ù‡ÙŠØ± Ø§Ù„Ø¨Ù‡Ø§ÙˆÙŠ ğŸ™ğŸ»ğŸ™ğŸ»ğŸ‘ğŸ‘', 'â¤â¤â¤â¤', 'â¤â¤â¤â¤', 'Yban kima steel aminox?', 'Jit mn 3nd zoubir', 'â¤â¤â¤']"
23,Ifc6-VCDsKw,Nordo - Yal 7ob (Official Music Video),UCIXt6QfV1V6fPmw7VGddWpg,MARWEN NORDO,102474,742,"['https://en.wikipedia.org/wiki/Hip_hop_music', 'https://en.wikipedia.org/wiki/Music']",PT3M26S,"['\u200fØ´ÙƒØ±Ø§ Ø¹Ù„Ù‰ Ø­Ø¨ÙƒÙ…  ÙˆØ¯Ø¹Ù…ÙƒÙ… Ø§Ù„Ø¯Ø§Ø¦Ù… ÙˆØ£Ù† Ø´Ø§Ø¡ Ø§Ù„Ù„Ù‡ ÙŠØ¹Ø¬Ø¨ÙƒÙ… Ø§Ù„Ø¬Ø¯ÙŠØ¯â€¦ Ù†Ø³ØªÙ†Ù‰ Ø±Ø£ÙŠÙƒÙ…â¤ï¸', 'a7la nordo', 'Bravoâ¤â¤â¤â¤â¤â¤', 'â¤â¤â¤â¤â¤â¤ Ø§Ø­Ù„Ù‰ ØµÙˆØª ğŸ‡©ğŸ‡¿ğŸ‡©ğŸ‡¿ğŸ‡©ğŸ‡¿ğŸ‡©ğŸ‡¿ğŸ‡©ğŸ‡¿ğŸ‡©ğŸ‡¿', 'Ø¹Ø§Ø´ Ø¹Ù„ÙŠÙƒ Ù†ÙˆØ±Ø¯Ùˆ Ø¹ØªØ¨ÙŠ Ø¹Ù„ÙŠÙƒ Ø§Ù†Ùƒ Ø¨ØªØªØ§Ø®Ø±  Ø¹Ù„ÙŠØ§Ù†Ø§ğŸ˜Š', 'Nordo â¤â¤â¤', 'ÙƒÙ„Ø§Ù…  ÙƒÙ„ Ø­Ø±Ù Ø¨Ù…Ø¹Ù†ÙŠ ÙƒØ¨ÙŠØ± â¤â¤ğŸ‡±ğŸ‡¾ğŸ‡±ğŸ‡¾', 'Ø¨Ø±Ø§ÙÙˆ ÙˆØ§Ù„Ù„Ù‡ğŸ˜¢', 'Ù†ÙˆØ±Ø¯Ùˆ Ø§Ø¹Ù…Ù„ Ø¹Ù…Ù„Ø§ ØµØ§Ù„Ø­Ø§ ØªÙ…ÙˆØª Ø¹Ù„ÙŠÙ‡ Ø§ÙˆÙ„Ù‡Ø§ Ø§Ù„ØµÙ„Ø§Ø© Ø£Ù†Ø§ Ù†Ø­Ø¨ ØºÙ†Ø§Ùƒ ÙŠØ¹Ø¬Ø¨Ù†ÙŠ', 'Ø§Ø­Ù„Ù‰ Ù†ÙˆØ±Ø¯ÙˆÙˆÙˆÙˆÙˆâ¤â¤']"
24,t72camtpc6I,Savannah Dexter - Poison (Official Music Video),UCC_66Dd88p5EMqpR8Y4mUTw,SAVANNAH DEXTER,83009,521,"['https://en.wikipedia.org/wiki/Country_music', 'https://en.wikipedia.org/wiki/Music', 'https://en.wikipedia.org/wiki/Pop_music', 'https://en.wikipedia.org/wiki/Rock_music']",PT3M31S,"['Ever had someone try and throw dirt on your name? When theyâ€™re the ones that did you dirty? This oneâ€™s for themmmmmğŸ˜šğŸ’š', 'Definitely love this. Savannah Definitely better music without brabo', ""You're amazing savannah I love your songs â¤"", 'Hearing this song is like listening a part of my life 30 yrs. ago.', 'Been sharing this to everyone.. feel this  ğŸ’¯ keep shining Dope AF ğŸ’£ ğŸ”¥ğŸ’¨', 'ğŸ‘ğŸ»ğŸ‘ğŸ»ğŸ‘ğŸ»ğŸ‘ğŸ» YES SAVANNAH!!!! ğŸ˜ğŸ˜ğŸ˜ğŸ˜ğŸ˜ğŸ˜ğŸ˜', 'Love it ğŸ’¯ğŸ’¯ğŸ’¯â¤ï¸â¤ï¸â¤ï¸â¤ï¸', 'You are so amazing Savannah!! I absolutely love this new you! â¤', 'Newly divorced and my ex absolutely trashed my name.', 'Should make some more sweet tea songs']"
25,8bEJ3TRDNfE,The Castellows - Hurricane (Official Music Video),UC0ZMT-llb5zaecfPYYt5d6A,The Castellows,81530,850,"['https://en.wikipedia.org/wiki/Country_music', 'https://en.wikipedia.org/wiki/Music']",PT4M25S,"['Presave our first EP! https://TheCastellows.lnk.to/ALGALW', 'Love it!', 'Beautiful sound and great video!!!!ğŸ‘â¤â¤â¤', 'Be blessed young ladies ğŸ‘ğŸ¾', 'Ğ¡Ğ¿Ğ°ÑĞ¸Ğ±Ğ¾ Ğ·Ğ° Ñ‚Ğ²Ğ¾Ñ€Ñ‡ĞµÑÑ‚Ğ²Ğ¾ Ğ¸Ğ· Ğ·Ğ°ÑĞ½ĞµĞ¶ĞµĞ½Ğ½Ğ¾Ğ¹ Ğ¡Ğ¸Ğ±Ğ¸Ñ€Ğ¸!! ĞÑ‡ĞµĞ½ÑŒ Ğ½Ñ€Ğ°Ğ²Ğ¸Ñ‚ÑÑ Ñ‡Ñ‚Ğ¾ Ğ²Ñ‹ Ğ´ĞµĞ»Ğ°ĞµÑ‚Ğµ!!', ""I'm pretty sure angels had 3 babies with these 3!!!!"", 'Ğ¡Ğ¿Ğ°ÑĞ¸Ğ±Ğ¾ Ğ·Ğ° Ğ²ĞµĞ»Ğ¸ĞºĞ¾Ğ»ĞµĞ¿Ğ½ÑƒÑ Ğ¿ĞµÑĞ½Ñ Ğ¸ Ğ·Ğ° Ğ·Ğ°Ğ¼ĞµÑ‡Ğ°Ñ‚ĞµĞ»ÑŒĞ½Ğ¾Ğµ Ğ¸ÑĞ¿Ğ¾Ğ»Ğ½ĞµĞ½Ğ¸Ğµ, Ğ²Ğ»ÑĞ±Ğ»Ñ‘Ğ½ Ğ² Ğ½ĞµÑ‘ Ñ Ğ¿ĞµÑ€Ğ²Ñ‹Ñ… ÑĞµĞºÑƒĞ½Ğ´ Ğ¸ Ğ¾Ğ±Ğ¾Ğ¶Ğ°Ñ ĞµÑ‘ Ğ¿ĞµÑ€ĞµÑĞ»ÑƒÑˆĞ¸Ğ²Ğ°Ñ‚ÑŒ, Ğ¾Ğ±Ğ¾Ğ¶Ğ°Ñ ÑÑ‚Ğ¾Ñ‚ ÑÑ‚Ğ¸Ğ»ÑŒ Ğ¸ ĞºĞ¾Ğ½ĞµÑ‡Ğ½Ğ¾ Ğ¶Ğµ Ğ²Ğ°Ñ!! ĞŸÑ€Ğ¸Ğ²ĞµÑ‚ Ğ¸Ğ· Ğ Ğ¾ÑÑĞ¸Ğ¸!!', 'The best country in last years! You should play with my son! ğŸ˜‰', 'Awesome awesome awesome!!!!!', ""If I wasn't married! I was considering which one of the sisters I like the most... And it's impossible! I cant choose one! Love You all â¤ And big big request..Never sell your beautiful souls to devil â¤ï¸ğŸ™ Amen""]"
26,-VFlm8CT0nc,DJAANY - ĞŸĞ ĞĞ¥ [Official Music Video],UCpiQK89i7xUyEtPShi4Zx6g,kartelarecords,69910,413,"['https://en.wikipedia.org/wiki/Hip_hop_music', 'https://en.wikipedia.org/wiki/Music']",PT3M30S,"['Ğ”Ğ¶Ğ°Ğ½Ğ¸ Ğ½Ğ°Ğ¿Ğ¸ÑˆĞ¸ ĞºĞ½Ğ¸Ğ³Ğ° Ñ Ñ‚ĞµĞºÑÑ‚Ğ¾Ğ²Ğµ Ğ½Ğ° Ñ‚Ğ°Ñ Ñ‚ĞµĞ¼Ğ°Ñ‚Ğ¸ĞºĞ°... ĞœĞ¾Ğ»Ñ Ñ‚Ğµ, Ğ²ÑĞ¸Ñ‡ĞºĞ¸ Ğ¶ĞµĞ½Ğ¸ Ñ‰Ğµ ÑĞ¸ Ğ»ÑĞ³Ğ°Ğ¼Ğµ Ñ Ğ½ĞµÑ...â¤', 'Ğ¢Ğ¾Ñ Ğ½Ğµ ÑĞµ ÑĞ¿Ñ€Ğµ Ñ Ñ…Ğ¸Ñ‚Ğ¾Ğ²ĞµÑ‚Ğµ! ĞĞµ Ñ‚Ğ¸ Ğ»Ğ¸ Ğ¿Ğ¸ÑĞ½Ğ° Ğ±Ğµ Ğ¼Ğ¾Ğ¼Ñ‡Ğµ? ğŸ™ğŸ˜­', 'Ğ¢Ğ°Ñ Ğ¿ĞµÑĞµĞ½ Ğ´Ğ°Ğ²Ğ° ĞµĞ±Ğ°Ñ‚Ğ¸ Ğ²Ğ°Ğ¹Ğ±Ğ° ğŸ˜‚ ĞµĞ²Ğ°Ğ»Ğ° Ğ”Ğ¶Ğ°Ğ½ĞºĞ°', 'Ğ¢Ñ†Ñ.... â¤ï¸ğŸ˜ğŸ’¯ğŸ’¥ Ğ¢ÑƒĞ¹ Ğ¼Ğ¾Ğ¼Ñ‡Ğµ Ğ½ĞµĞ½Ğ¾Ñ€Ğ¼Ğ°Ğ»Ğ½Ğ¾ Ğ±Ñ€ÑƒÑ‚Ğ°Ğ»Ğ½Ğ¾   ÑĞ¸ Ğ¿ĞµĞ¹ Ğ¿ĞµÑĞ½Ğ¸Ñ‚Ğµ Ğ´ÑƒĞ¼Ğ¸ Ğ½ÑĞ¼Ğ°Ğ¼, Ñ…Ğ¾Ñ€Ğ°Ñ‚Ğ° Ğ´Ğ¾Ğ±Ñ€Ğµ Ğ»Ğ¸ ÑÑ‚Ğµ Ğ•Ğ”Ğ’ĞĞ›Ğ˜ Ğ¸Ğ¼Ğ° Ğ¿Ğ¾Ğ´Ğ¾Ğ±ĞµĞ½ Ñ‚Ğ¸Ğ¿... Ğ ĞµÑĞ¿ĞµĞºÑ‚ğŸ™ğŸ™ğŸ™ğŸ’¥ğŸ™†', '*Ğ‘Ğ Ğ£Ğ¢ĞĞ›ĞšĞ*\nÑ‡Ğ°ĞºĞ°Ğ¼ Ñ Ğ½ĞµÑ‚ÑŠÑ€Ğ¿ĞµĞ½Ğ¸Ğµ Ğ² spotify', 'Ğ‘ĞµĞ· Ğ´Ğ° Ğ¾Ğ±Ğ¸Ğ´Ñ Ğ½Ğ¸ĞºĞ¾Ğ¹, Ğ½Ğ¾ Ğ¿Ğ¾ÑĞ»ĞµĞ´Ğ½Ğ¾ Ğ²Ñ€ĞµĞ¼Ğµ Ğ¿Ğ¾Ğ»Ğ¾Ğ¶ĞµĞ½Ğ¸ĞµÑ‚Ğ¾ Ğµ, Ğ”Ğ¶Ğ°Ğ½Ğ¸ Ğ¸ Ğ²ÑĞ¸Ñ‡ĞºĞ¸ Ğ¾ÑÑ‚Ğ°Ğ½Ğ°Ğ»Ğ¸...', 'Ğ•Ğ²Ğ°Ğ»Ğ°Ñ€ĞºĞ° Ğ±Ğ°Ñ‚Ğµ,Ñ‚ĞµĞºÑÑ‚Ğ° ĞºÑŠÑ€Ñ‚Ğ¸ ÑĞ°Ğ¼Ğ¾ Ğ½Ğ°Ğ¿Ñ€ĞµĞ´!!!!', '<33', 'â¤â¤â¤â¤', 'Ğ‘ĞµĞ· Ğ»ĞµĞ´ 2 ! ĞÑĞ¼Ğ° Ğ´Ñ€ÑƒĞ³, ĞºĞ¾Ğ¹Ñ‚Ğ¾ Ğ´Ğ° Ñ€Ğ°Ğ·ĞºĞ°Ğ·Ğ²Ğ° Ñ‚Ğ°ĞºĞ° Ñ‡Ñ€ĞµĞ· Ğ¿ĞµÑĞµĞ½, ĞºĞ°ĞºÑ‚Ğ¾ Ğ”Ğ¶Ğ°Ğ½Ğ¸. Ğ¢Ğ°ĞºĞ° Ğ³Ğ¾ Ğ¿Ğ¾Ğ´Ğ½Ğ°ÑÑ Ğ²ÑĞµ ĞµĞ´Ğ½Ğ¾ Ñ‡ĞµÑ‚Ğ° ĞºĞ½Ğ¸Ğ³Ğ°! ĞÑĞ¼Ğ°Ğ¼ Ğ´ÑƒĞ¼Ğ¸ Ğ¿Ñ€Ğ¾ÑÑ‚Ğ¾! Ğ”Ğ¾Ğ±Ğ°Ğ²ÑĞ¼ Ñ ĞºÑŠĞ¼ Ğ¿ĞµÑĞ½Ğ¸Ñ‚Ğµ Ğ·Ğ° Ğ¿Ñ€Ğ¸Ğ³Ğ¾Ñ‚Ğ²ÑĞ½Ğµ Ğ½Ğ° ĞºĞµĞºÑĞ°. Ğ“Ğ¾Ñ‚Ğ²ĞµĞ½ĞµÑ‚Ğ¾ Ñ‰Ğµ Ğµ Ğ¿Ğ¾-Ğ¿Ñ€Ğ¸ÑÑ‚Ğ½Ğ¾. Ğ¡Ğ°Ğ¼Ğ¾ Ğ½Ğ°Ğ³Ğ¾Ñ€Ğµ, Ğ¼Ğ¾Ğ¼Ñ‡Ğµ !! ğŸ€ğŸ€ğŸ€']"
27,6wpkknxMzyE,Arief - Remehan Orang Tuamu (Official Music Video),UCmiJjv8BbzLahKpsfkQaBnA,Arief Putra,68519,411,"['https://en.wikipedia.org/wiki/Music', 'https://en.wikipedia.org/wiki/Music_of_Asia', 'https://en.wikipedia.org/wiki/Pop_music']",PT4M59S,"['Halo sahabat arief semua \nNantikan ya di yt arief putra . Jangan lupa share', 'Sukses Trus Bang ArifğŸ˜Š', 'Lagu2 tak pernah gagal arief...  Merdu suaramu \n\nSukses sllu arief putra...', 'Lamak bana...\nSmg trending yo rief', 'Hadir', 'Ayok teman teman. Kita share sebanyak banyaknya.. semoga lagu bg arif ini bisa TRENDING', 'Hal wajar, Orang tua menilaimu sepertinya, Karena apa mereka tidak ingin anak y hidup makan cinta \n\nCinta, Materi dll semua harus seimbang insyallah akan lancar & Bahagia nantinya\n\nJadi jangan salahkan ( orang tua )ğŸ˜Š, Ingat mencintai seseorang jangan sampai lupa akan jati dirimu, Jika tidak inginkan hal-hal seperti lagu kita harus becermin.\n\nSemoga di mudahkan hidupmu & Rencanamu kedepannya amin ğŸ™', 'Ben 10 pilar penumpang langit,, ada celanağŸ‘–ğŸ‘–ğŸ‘–ğŸ‘– bawa pulang terbaikğŸ‘ğŸ’¯ğŸ‘ğŸ’¯ğŸ‘ğŸ’¯ğŸ‘ğŸ’¯ğŸ‘ğŸ’¯ğŸ‘ğŸ’¯ğŸ‘ğŸ’¯ğŸ‘ğŸ’¯ğŸ‘ğŸ’¯ğŸ‘ğŸ’¯ğŸ‘ğŸ’¯ğŸ‘ğŸ’¯ğŸ‘ğŸ’¯ğŸ‘ğŸ’¯ğŸ‘ğŸ’¯ğŸ‘ğŸ’¯ğŸ‘ğŸ’¯ğŸ‘ğŸ’¯ terbaikğŸ‰ğŸ‰ğŸ‰ğŸ‰ğŸ‰ğŸ‰ğŸ‰ğŸ‰', 'Sukses untuk arief & team, dalam vidio ko om pepeng memang jaek..ğŸ˜…', 'Salam sukses luar biasa bagusnya lagu ini, hadir dari Lombok Tengah.']"
28,7D8Ii3qEY9k,ZillaKami x SosMula - Pros (Official Music Video),UC_EucbjTiD1OQ6IV-l2uCJA,City Morgue,69964,712,"['https://en.wikipedia.org/wiki/Hip_hop_music', 'https://en.wikipedia.org/wiki/Music', 'https://en.wikipedia.org/wiki/Rock_music']",PT2M,"['Itâ€™s crazy how they r still friends for this long â¤ï¸\u200dğŸ”¥', 'Sos killed it', 'both of you so fucking unique i love it', 'Wish mula had longer verses', 'nos brasileiros amamos vocÃªs \nCITY MORGUE GANG', 'Bro really rapped in toungs', 'ğŸ–¤ğŸ”¥', 'FUCKING BANGER ğŸâ€¼ï¸ğŸ–¤', "". uUu . CaNttt . be . Like . Mie . Ewok . Ewok . uUu're . NaMe . AiNttt . TiMMothy . 2:00"", 'Cone back to Omaha Nebraska ğŸ¤ŒğŸ¤Œ']"
29,E34yrHvZ6vI,Lil Dicky - I Love Myself (Official Music Video),UC8rVJyj4zE0S9-sccMLifIA,Lil Dicky,68684,349,"['https://en.wikipedia.org/wiki/Music', 'https://en.wikipedia.org/wiki/Pop_music']",PT2M7S,"['20..29 ig gang', 'Is that a sample in the beginning?', 'Just love it! Lowkey gives me Kanye vibes, i could definitely see him on thisğŸ‘€', 'Very cool! ğŸ”¥ğŸ”¥ğŸ”¥ğŸ”¥â¤â¤ğŸ”¥ğŸ”¥ğŸ”¥', 'The 3 stages of listening to Lil Dicky\r\n1. Listening\r\n2. Understanding\r\n3. Knowing the lyricsğŸ’¯', 'The production is literal art!! I love when artist actually MAKE art.', 'My brother and me have been listening to lil dicky since like 7 years ago Iâ€™m still here fr', 'I love you Lil D', 'Please tell me this leads into Jail (Part 1)!!! Feel like all the videos could be connected somehow...', 'you cant love yourself if you are a Zionist.']"
30,PWVTsAHSocQ,Niken Salindry feat. Fallden - Pupusing Nelongso- Kembar Campursari ( Official Music Video ),UCHuJsCg-KjFBU3uZMFIonkQ,Kembar Music Digital,66133,502,"['https://en.wikipedia.org/wiki/Music', 'https://en.wikipedia.org/wiki/Music_of_Asia']",PT6M25S,"['hello', 'Bsguss lagu dn swaraya', 'Trnyata suara mba niken toh yg aku cari dr kmrn,pantesan dengernya adem dan bikin baperğŸ˜¢', 'Mas falden sampean koyo iki wae guantenge polll', 'Mantap lagi ini dalem bgtğŸ”¥ğŸ˜ğŸ˜”', 'Keren..sukses selalu joosssz', 'Request Alum e mas gilga dek...', 'Luarrr biasaaaa.....artis Jawa seng Podo duwe skil kerennn..sukse kangge panjenengan berdua nggeh.mas Falden bagus mu Ra umum yen kyok ngene.mbk Niken ak nge fans sampean mbkkk...sukses nggehhhhhâ¤â¤', 'Iki aku sampe ğŸ˜¢', 'Mancanegara hadirâ€¦sukses buat idola2 dan KMD']"
31,m8IjlGWOFDg,Annie Bosko - &quot;Neon Baby&quot; - (Official Music Video),UC6MzHPq7kT4AIZoIX7Dtplw,Annie Bosko,66416,62,"['https://en.wikipedia.org/wiki/Country_music', 'https://en.wikipedia.org/wiki/Music', 'https://en.wikipedia.org/wiki/Pop_music']",PT3M36S,"['This song is sooo smooth â¤â¤â¤â¤', 'Excelente', 'A la maquina, girl!', 'manda um olÃ¡ para o brazil!!!!', 'Hello Annie, I really liked the song and added subscribed to your channel.  I canâ€™t wait to listen to more of your songs.  I will be looking to see if you come out to Southern California.  Keep up the good work.', 'Country music', 'Beautiful song and now a video to match! Congrats, Annie! I love watching your career catch fire. Please come play Atlanta/north Georgia SOON!!', 'We are seeing the birth of a Legendary country singer Annie Bosko â¤â¤â¤ Love this Annie , been on repeat for hours , lol ... Love you lots â¤â¤â¤ğŸ˜Š', 'cool, just the beginning I think ;-)', 'The spiritual light switch turns on a new ability to engage and please.']"
32,SCgDHBE0xjg,MAANDY - &quot;MBICHI&quot; Ft BREEDER LW (Official Music Video),UCA-KAJf71B6_G_RFu94LB-Q,Maandy,49928,424,"['https://en.wikipedia.org/wiki/Hip_hop_music', 'https://en.wikipedia.org/wiki/Music', 'https://en.wikipedia.org/wiki/Pop_music']",PT3M30S,"['Ulisema uliniona wapi ??', 'Goma...litafika town kweli ğŸ˜‚', 'Mandy and saruu should do that thing', 'Mamaa wifey alafu bibiiğŸ˜‚', ""They aren't pregnant but they always deliver â¤ï¸ğŸ’¯"", 'Weeseeeee ğŸ”¥ğŸ”¥', 'Yoooh metro', 'My best TK artist ..@ metro suka doba', 'Maandy + breeder =ğŸ”¥ğŸ”¥', 'Huyu Dem ni mauru']"
33,5UDD2OypnU8,Era7capone - illegale ( Official Music Video ),UCj5Knp575d1ZF1KvhA6S1VQ,Act EARLY,45083,205,"['https://en.wikipedia.org/wiki/Hip_hop_music', 'https://en.wikipedia.org/wiki/Music']",PT2M45S,"['X yÃ¼rÃ¼rÃ¼m kordioru yayÄ±nda ğŸ‰ğŸ˜¢\nX bas gaza yada x dydk veya ğŸ‰ğŸ‰da x aÃ§ gÃ¶zÃ¼nÃ¼ diye ÅŸarkÄ±larÄ±m â¤â¤var dinleyin', 'Spedd Up HalÄ± KanalÄ±mda', 'Spedd Up HalÄ± KanalÄ±mda', 'Spedd Up HalÄ± KanalÄ±mda', 'Spedd Up HalÄ± KanalÄ±mda', 'Spedd Up HalÄ± KanalÄ±mda', 'AYNI OYUNDA OLANLARA SELAM OLSUN :D', 'Ğ¾Ñ…ÑƒĞµĞ½Ğ½Ğ¾, Ğ¼ÑƒĞ¶Ğ¸Ğº! big respect from RU ğŸ‡·ğŸ‡ºğŸ‡·ğŸ‡º', 'mix kiÅŸiden kiÅŸiye deÄŸiÅŸmekle, bana bir ÅŸey eksik gibi geliyor kral yine de aÄŸzÄ±na yÃ¼reÄŸine saÄŸlÄ±k', 'Adam iÅŸini mÃ¼kemmel yapÄ±yo']"
34,_td7ilyLBgY,Shotgun Willy - Good Morning Vietnam (Official Music Video),UCTg6Jny4X_LteWGccXf596Q,Shotgun Willy,57094,1245,"['https://en.wikipedia.org/wiki/Hip_hop_music', 'https://en.wikipedia.org/wiki/Music']",PT2M20S,"['dam on of the first seeing this', 'Call me crazy but the very end sounds like the lego yoda death sound.', 'This dude is literally turning into a sem-terrorist', 'another beautiful music video', 'Great songs but it was hard enough getting over my friends blasting me with bombs away.', 'HE MAKE ANOTHER HIT!! ğŸ”¥', '0:06 \n\nlego yoda screaming', 'Shotcum Willy always makes hard songs also I edged to this', 'dang he really snuck in a lego yoda death sound in there', 'The music videos have been so fireğŸ”¥']"
35,lxWIim5Qn10,Má»¹ Anh - ÄÃ¡nh CÆ°á»£c | OFFICIAL MUSIC VIDEO,UCTPlvjeNZyJEJPsftSroXGQ,Má»¹ Anh,53875,115,"['https://en.wikipedia.org/wiki/Music', 'https://en.wikipedia.org/wiki/Music_of_Asia', 'https://en.wikipedia.org/wiki/Pop_music']",PT3M16S,"['Like máº¡nh', 'MÃ¬nh thÃ­ch nÃ©t nháº¡c riÃªng cá»§a MA, respect for you and waiting for your fulture', 'Amazing, CongratsğŸ¥°ğŸ’›', 'Ã¢m nháº¡c cá»§a má»¹ anh ráº¥t láº¡ tai vÃ  cuá»‘n nha', '1 su copy ko há» nháº¹ tá»« HÃ  Tráº§n , chÃª', 'Cháº³ng hiá»ƒu sao nghe bÃ i nÃ y nÆ°á»›c máº¯t mÃ¬nh láº¡i rÆ¡i. Cáº£m giÃ¡c ráº¥t tháº¥u. ChÃºc má»«ng Má»¹ Anh vÃ  cáº£ ekip Ä‘Ã£ cÃ³ má»™t bÃ i hÃ¡t tuyá»‡t vá»i ğŸ‰', 'QuÃ¡ lÃ  Ä‘á»‰nh!', 'mÃ£i Ä‘Ä©nh mÃ£i yÃªu <3', 'Hiáº¿m láº¯m mÃ¬nh má»›i nghe Ä‘Æ°á»£c ca khÃºc Viá»‡t Ä‘áº­m cháº¥t R&B váº­y. Keep going, Má»¹ Anh!!!â¤', 'yÃªu mÃ u nháº¡c cá»§a Má»¹ Anh']"
36,dPWTYdtoiUk,Lesti - Angin (Official Music Video) Reaction #lestikejora #lesti #angin #youtubemadeforyou,UCK7NplXDs8sMsSgMyqaqQMw,OVUADA OKPEN,46969,33,"['https://en.wikipedia.org/wiki/Music', 'https://en.wikipedia.org/wiki/Music_of_Asia']",PT56S,"['Ko dia ikut nangis,, emng dia ngerti Bahasa Indonesia ya', 'ğŸ˜¢ğŸ˜¢ğŸ˜¢ğŸ˜¢ğŸ˜¢ğŸ˜¢', 'Subhanallahâ¤â¤â¤', 'THIS SING VERY NICE', 'ğŸ˜¢ğŸ˜¢ğŸ˜¢', 'OMG dede', 'â¤â¤â¤', 'The best Lesti ğŸ‘ğŸ‘ğŸ‘', 'Ya alloh kurus banget', 'ğŸ˜­ğŸ˜­ğŸ˜­ğŸ˜­ğŸ˜­ğŸ˜­ya alloh sediih..']"
37,QC3qrfnh9p0,Abo El Anwar X Lil Baba | Artistic (Official Music Video) Ø£Ø¨Ùˆ Ø§Ù„Ø£Ù†ÙˆØ§Ø± ÙˆÙ„ÙŠÙ„ Ø¨Ø§Ø¨Ø§ | Ø£Ø±ØªÙŠØ³ØªÙƒ,UCIk0me5V_q_xCLKy4A5UKQA,Abo El Anwar,39248,138,"['https://en.wikipedia.org/wiki/Hip_hop_music', 'https://en.wikipedia.org/wiki/Music']",PT3M12S,"['damnnnnn', 'Ùƒ Ø³Ù…Ùƒ ÙŠÙÙ†Ø§Ù†', 'Ø§ÙŠ Ø§Ù„Ø®ÙˆÙ„Ù†Ù‡ Ø¯ÙŠ ÙŠØ³ÙŠÙƒØ§', 'Ù„ÙŠÙ„ Ø¨Ø§Ø¨Ø§ ÙŠØ®Ù„ÙŠÙ‡ ÙÙŠ Ø§Ù„Ø¨Ø±ÙˆØ¯Ø§ÙƒØ´Ù† Ø¨Ø³ Ø§Ø­Ø³Ù†', 'lil baba Ø¯Ù‡ Ù…Ø´ Ù…Ø¬Ø§Ù„Ù‡ Ø®Ø§Ù„Øµ Ø§Ù†Ù‡ ÙŠØ±Ø§Ø¨', 'ØªØ±Ø§Ùƒ Ø¯Ù…Ø§Ø± ğŸ’¥ğŸ’¥ğŸ’¥', 'Lil baba carried this track', 'Ø³Ø§Ù†ØªØ§ Ù…Ù† ØºÙŠØ± Ù…ÙŠØ¹Ù…Ù„ Ø­Ø§Ø¬Ù‡ ÙˆØ§ÙƒÙ„ Ø§Ù„Ø¬Ùˆ Ø¨Ø±Ø¯Ùƒ', 'Ø³Ù†ØªØ±Ø§Ù„ Ø³ÙŠÙ†â¤', 'Ø¹Ø¸Ù…Ø©']"
38,1OHCSTZwOLE,Skeng - Taboo | Official Music Video,UCapH8j0tQIs3KafImI9YqIQ,SkengVEVO,49321,566,"['https://en.wikipedia.org/wiki/Hip_hop_music', 'https://en.wikipedia.org/wiki/Music']",PT2M29S,"['UPğŸ˜‚ğŸ˜‚ğŸ˜‚ğŸ˜‚ğŸ˜‚ğŸ˜‚ğŸ˜‚ğŸ˜‚ğŸ˜‚ğŸ˜‚', 'No boy RG run the world now gunman song bad no BBC', 'ğŸ’¯', 'Which language is this', '""Suck mi dry like cals bag juice""', 'Badman musicğŸ”¥ğŸ”¥', 'Cya hear a thing', 'maddddddddddddddddd', 'mi artist backğŸ”¥ğŸ”¥ğŸ”¥ğŸ”¥', 'Upful']"
39,PrTLC5IeikY,ÎÎ¹ÎºÏŒÎ»Î±Ï‚ Î¡Î±Ï€Ï„Î¬ÎºÎ·Ï‚ x Ripen - Î’Î¬Î»Îµ ÎˆÎ½Î± Î Î¿Ï„ÏŒ - Official Music Video,UCE2a9E3B2EjO0_rg2mgVmlg,PanikRecordsTube,36510,30,"['https://en.wikipedia.org/wiki/Electronic_music', 'https://en.wikipedia.org/wiki/Hip_hop_music', 'https://en.wikipedia.org/wiki/Music', 'https://en.wikipedia.org/wiki/Music_of_Latin_America', 'https://en.wikipedia.org/wiki/Pop_music']",PT2M50S,"['Î—Ï‡Î¿ÏÏÏ€Î±Î½ÏƒÎ·', 'Ï‡Î¬Î»Î¹ Î¼Î±ÏÏÎ¿', 'Î¤ÏŒÏƒÎ¿ Ï‡Î¬Î»Î¹Î± Î¼Î¿Ï…ÏƒÎ¹ÎºÎ® Î´ÎµÎ½ Î­Ï‡Ï‰ Î¾Î±Î½Î±ÎºÎ¿Ï…ÏƒÎµÎ¹ Î­Î»ÎµÎ¿Ï‚ Ï€Î¿Î¹Î±  ÎºÎ±Ï„Î±ÏƒÏ„ÏÎ­Ï†Î¿Ï…Î½ ÏƒÎ¹Î³Î¬ ÏƒÎ¹Î³Î¬ Ï„Î·Î½ ÎµÎ»Î»Î·Î½Î¹ÎºÎ® Î¼Î¿Ï…ÏƒÎ¹ÎºÎ·.ğŸ¥´ğŸ¥´ğŸ¥´ğŸ¥´Î±Î»Î»Î¬ Î´Ï…ÏƒÏ„Î¿Î¹Ï‡Î¿Ï‚ ÎµÏ€ÎµÎ¹Î´Î® ÎµÎ¯Î½Î±Î¹ Î³Î½Ï‰ÏƒÏ„Î¿Î¯ Î³Î¹Î± Î±Ï…Ï„ÏŒ Ï„Î± Î²Î³Î¬Î¶Î¿Ï…Î½ Ï„Î± Ï„ÏÎ±Î³Î¿ÏÎ´Î¹Î± Î±Ï…Ï„Î¬.Ï€Î¿ÏƒÎµÏ‚ Ï†Î¿ÏÎ­Ï‚ Î­Ï‡Ï‰ ÏƒÏ„ÎµÎ¹Î»Î· Ï„ÏÎ±Î³Î¿ÏÎ´Î¹Î± ÏƒÏ„Î·Î½ ÎµÏ„Î±Î¹ÏÎ¯Î± ÎºÎ±Î¹ ÎµÏ€ÎµÎ¹Î´Î® Î´ÎµÎ½ Î­Ï‡Ï‰ Î³Î½Ï‰ÏƒÏ„ÏŒ Î´ÎµÎ½ Î¼Ï€ÏŒÏÎµÏƒÎ± Î½Î± ÎºÎ¬Î½Ï‰ Ï„Î¯Ï€Î¿Ï„Î±.ğŸ¥ºğŸ¥ºğŸ¥ºğŸ¥ºğŸ¥ºğŸ¥º', 'ÎÎ± Ï†Î±Î½Ï„Î±ÏƒÏ„Ï Î¿ Î¡Î¹Ï€ÎµÎ½ ÎµÎ¯Î½Î±Î¹ Î±ÎºÏŒÎ¼Î± Î­Î½Î±Ï‚ Î‘Î»Î²Î±Î½Î¿Ï„ÏÎ¬Ï€ÎµÏ ;;; ğŸ˜‚ğŸ˜‚ğŸ˜‚', 'Î Î¿ÏƒÎ¿ Ï€Î»Î·ÏÏ‰Î½Î¿Ï…Î½ Î³Î¹Î± Î½Î± Ï„Î¿Ï…Ï‚ ÎºÎ±Î½Î¿Ï…Î½ Î²Î¹Î½Ï„ÎµÎ¿ÎºÏ€Î»Î¹Ï€ ÎºÎ±Î¹ Ï„ÏÎ±Î³Î¿Ï…Î´Î¹Î±?', 'Î£Ï„Î¯Ï‡Î¿Î¹: ÎˆÏ†ÎµÏÎµÏ‚ ÎºÎ±Ï„Î±ÏƒÏ„ÏÎ¿Ï†Î­Ï‚ \r\nÎ¬Î½Î±ÏˆÎµÏ‚ Ï†Ï‰Ï„Î¹Î­Ï‚ ÎºÎ±Î¹ Ï„Î± ÎºÎ±Î¹Ï‚.\n ÎˆÏ†ÎµÏÎµÏ‚ ÎºÎ±Ï„Î±ÏƒÏ„ÏÎ¿Ï†Î­Ï‚ \r\nÏ„ÎµÎ»Î¹ÎºÎ¬ ÎµÎ¯ÏƒÎ±Î¹ ÎºÎ±Î»Î®. \n\r\nÎ˜Î­Î»Ï‰ Î½Î± Î¼ÎµÎ¸ÏÏƒÏ‰ Î³Î¹Î± ÏƒÎ­Î½Î±, \r\nÏˆÎ¬Ï‡Î½Ï‰ Ï„ÏÏŒÏ€Î¿Ï…Ï‚ Î½Î± Î¾ÎµÏ‡Î±ÏƒÏ„Ï,\r\nÎ¸Î­Î»Ï‰ Î½Î± Ï‡Î¿ÏÎ­ÏˆÏ‰ ÏƒÏ„Î¿ Ï„Î­ÏÎ¼Î±, \r\nÎ½Î± Î´Î¿ÎºÎ¹Î¼Î±ÏƒÏ„Ï. \nÎ”ÎµÎ½ Î¸Î­Î»Ï‰ Î½Î± Î³Î¯Î½Ï‰ Î­Î½Î±Ï‚ Î¬Î»Î»Î¿Ï‚, \r\nÎ³Î¿Ï…ÏƒÏ„Î¬ÏÏ‰ Ï„Î± Î»Î¬Î¸Î· ÎºÎ±Î¹ Î¶Ï‰,\r\nÎ­Ï‡Ï‰ Ï€Î»Î­Î¿Î½ Ï‡Î¯Î»Î¹Î¿Ï…Ï‚ ÎºÎ±Î¹ ÎºÎ¬Ï„Î¹, Ï„ÏÏŒÏ€Î¿Ï…Ï‚ \nÎ½Î± ÎºÎ±Ï„Î±ÏƒÏ„ÏÎ±Ï†Ï. \n\r\nÎ£Ï„Î¿ Î¼Ï€Î±Ï ÎºÎµÏÎ½Î¬Ï‰ ÏƒÏ†Î·Î½Î¬ÎºÎ¹Î±\r\nÎºÎ±Î¹ ÏˆÎ¬Ï‡Î½Ï‰ Î½Î± ÏƒÎµ Î´Ï‰,\r\nÏ„ÎµÎºÎ¯Î»Î± Î½Î± Î¾ÎµÏ‡Î¬ÏƒÏ‰,\r\nÎ²ÏŒÏ„ÎºÎ± Î½Î± Î¸Ï…Î¼Î·Î¸Ï.\n \r\nÎ‘Ï€ÏŒÏˆÎµ Î²Î³Î®ÎºÎ± Ï€Î¬Î»Î¹ ÎµÎ³Ï,\r\nÎºÎ±Î¹ Î³Î¹Î± Ï„Î¿Ï…Ï‚ Î´ÏÎ¿\nÎºÎ±Î¹ ÏŒÎ¼Ï‰Ï‚ ÏƒÎµ Î²Î»Î­Ï€Ï‰ Ï€Î¬Î»Î¹ ÎµÎ´Ï, \nÎµÎ¯Î½Î±Î¹ Î±ÏƒÏ„ÎµÎ¯Î¿. \r\nÎ‘Ï€ÏŒÏˆÎµ Î²Î³Î®ÎºÎ± Ï€Î¬Î»Î¹ ÎµÎ´Ï ÏƒÏ„Î± Î¼Î­ÏÎ· \r\nÏ„Î± Î´Î¹ÎºÎ¬ Î¼Î±Ï‚ \r\nÏƒÎµ Î²Î»Î­Ï€Ï‰ Î¼Î­ÏƒÎ± ÏƒÏ„Î¿ ÎºÎ±Ï€Î½ÏŒ, \nÎºÎ±Î¹ Ï€Î¯Î½Ï‰ ÏƒÏ„Î·Î½ Ï…Î³ÎµÎ¹Î¬ Î¼Î±Ï‚.\n \r\nÎ’Î¬Î»Îµ Î­Î½Î± Ï€Î¿Ï„ÏŒ (Î§3)\nÎ²Î¬Î»Îµ Î¬Î»Î»Î¿ Î­Î½Î± Î½Î± Ï€Î¹Ï‰.\nÎ’Î¬Î»Îµ Î­Î½Î± Ï€Î¿Ï„ÏŒ (Î§3)\r\nÎ²Î¬Î»Îµ Î¬Î»Î»Î¿ Î­Î½Î± Î½Î± Ï€Î¹Ï‰.\n\n ÎˆÏ†ÎµÏÎµÏ‚ ÎºÎ±Ï„Î±ÏƒÏ„ÏÎ¿Ï†Î­Ï‚ (ÏÏ€Î±)\nÎ¬Î½Î±ÏˆÎµÏ‚ Ï†Ï‰Ï„Î¹Î­Ï‚ ÎºÎ±Î¹ Ï„Î± ÎºÎ±Î¹Ï‚ (ÏŒÎ»Î±),\n ÎˆÏ†ÎµÏÎµÏ‚ ÎºÎ±Ï„Î±ÏƒÏ„ÏÎ¿Ï†Î­Ï‚ (ÏÏ€Î±)\nÏ„ÎµÎ»Î¹ÎºÎ¬ ÎµÎ¯ÏƒÎ±Î¹ ÎºÎ±Î»Î®. (Î§2)\n\nÎ¤ÏŒÏƒÎ¿Î¹ ÏƒÎµ Î³Î¿Ï…ÏƒÏ„Î¬ÏÎ¿Ï…Î½Îµ, Ï„ÏŒÏƒÎ¿Î¹\n ÎµÏƒÏ ÏŒÎ¼Ï‰Ï‚ Î´ÎµÎ½ Î¸Î­Î»ÎµÎ¹Ï‚ ÎºÎ±Î½Î­Î½Î±Î½,\n Î¿ Ï€ÏÏÎ·Î½ ÏƒÎ¿Ï… ÏƒÎµ Î­Ï‡ÎµÎ¹ Ï€Î»Î·Î³ÏÏƒÎµÎ¹\n ÎºÎ±Î¹ Ï„ÏÏÎ± Î²Î³Î¬Î¶ÎµÎ¹Ï‚ Î±Ï€Ï‰Î¸Î·Î¼Î­Î½Î±. \nÎœÎ± Î®Ï€Î¹Î± ÎºÎ±Î¹ Ï„Î± Î­Ï‡Ï‰ Ï‡Î±Î¼Î­Î½Î± \nÎ´ÎµÎ½ Î¾Î­ÏÏ‰ ÎºÎ±Î½ Ï„Î¹ Î½Î¹ÏÎ¸ÎµÎ¹Ï‚ Î³Î¹Î± Î¼Î­Î½Î±,\nÏ„Î¿ Î¼Î±Î³Î±Î¶Î¯ ÎºÎµÏÎ½Î¬Ï‰ Î³Î¹Î± ÏƒÎ­Î½Î±\n ÏŒÎ»Î± ÎºÎµÏÎ±ÏƒÎ¼Î­Î½Î±. \n\nÎ£Ï„Î¿ Î¼Ï€Î±Ï ÎºÎµÏÎ½Î¬Ï‰ ÏƒÏ†Î·Î½Î¬ÎºÎ¹Î±\nÎºÎ±Î¹ ÏˆÎ¬Ï‡Î½Ï‰ Î½Î± ÏƒÎµ Î²ÏÏ‰\nÏ„ÎµÎºÎ¯Î»Î± Î½Î± Î¾ÎµÏ‡Î¬ÏƒÏ‰\nÎ²ÏŒÏ„ÎºÎ± Î½Î± Î¸Ï…Î¼Î·Î¸Ï.\n\nÎ‘Ï€ÏŒÏˆÎµ Î²Î³Î®ÎºÎ± Ï€Î¬Î»Î¹ ÎµÎ³Ï,\r\nÎºÎ±Î¹ Î³Î¹Î± Ï„Î¿Ï…Ï‚ Î´ÏÎ¿\r\nÎºÎ±Î¹ ÏŒÎ¼Ï‰Ï‚ ÏƒÎµ Î²Î»Î­Ï€Ï‰ Ï€Î¬Î»Î¹ ÎµÎ´Ï, \r\nÎµÎ¯Î½Î±Î¹ Î±ÏƒÏ„ÎµÎ¯Î¿. \r\nÎ‘Ï€ÏŒÏˆÎµ Î²Î³Î®ÎºÎ± Ï€Î¬Î»Î¹\nÎµÎ´Ï ÏƒÏ„Î± Î¼Î­ÏÎ· Ï„Î± Î´Î¹ÎºÎ¬ Î¼Î±Ï‚ \r\nÏƒÎµ Î²Î»Î­Ï€Ï‰ Î¼Î­ÏƒÎ± ÏƒÏ„Î¿ ÎºÎ±Ï€Î½ÏŒ, \r\nÎºÎ±Î¹ Ï€Î¯Î½Ï‰ ÏƒÏ„Î·Î½ Ï…Î³ÎµÎ¹Î¬ Î¼Î±Ï‚.\n\nÎ’Î¬Î»Îµ Î­Î½Î± Ï€Î¿Ï„ÏŒ (Î§3)\r\nÎ²Î¬Î»Îµ Î¬Î»Î»Î¿ Î­Î½Î± Î½Î± Ï€Î¹Ï‰.\r\nÎ’Î¬Î»Îµ Î­Î½Î± Ï€Î¿Ï„ÏŒ (Î§3)\r\nÎ²Î¬Î»Îµ Î¬Î»Î»Î¿ Î­Î½Î± Î½Î± Ï€Î¹Ï‰.', 'ğŸ¸ğŸ¾', 'Î¤Î¿ Î²Î±ÏÎ­Î»Î¹ Î´ÎµÎ½ Î­Ï‡ÎµÎ¹ Ï€Î¬Ï„Î¿.....', 'the inspiration you give is amazing', 'Î©ÏÎ±Î¯Î¿ ÎºÎ±Î»Î® ÎµÏ€Î¹Ï„Ï…Ï‡Î¯Î±']"
40,zpir0--j3RM,Alkaline Trio - Break (Official Music Video),UCxnS0WDBVfBnTP2e97DYDSA,riserecords,36525,199,"['https://en.wikipedia.org/wiki/Music', 'https://en.wikipedia.org/wiki/Pop_music', 'https://en.wikipedia.org/wiki/Rock_music']",PT3M24S,"['On repeat', 'Wowâ¤', 'Dudes haircut is dumb!', 'Skiba joins blink and writes a catalog of mediocre songs. Comes back to Alkaline Trio and writes one of their best albums to date! Banger after banger on this record. Good to see him back in his element.', ""They should have called the band Alkaline Three-O because there's 3 of them"", 'Hell Yeah! â¤ ğŸ’€ â¤', 'Reminds me a little bit of Heavens! So good! Album is absolutely mint! ğŸ‘ŒğŸ˜', ""ğŸ¤ŸğŸ‘½ğŸ›¹\nğŸ—£ï¸ Let's go!!  \n\n\n\nLegends never die.."", ""This feels like Throw Me to the Lions meets Back to Hell meets We've Had Enough"", 'ğŸ”¥']"
41,S3TwGJRGUSc,DVBBS &amp; Bad Nonno - Inside Out (Official Music Video),UCpDJl2EmP7Oh90Vylx0dZtA,Spinnin' Records,34533,80,"['https://en.wikipedia.org/wiki/Electronic_music', 'https://en.wikipedia.org/wiki/Music', 'https://en.wikipedia.org/wiki/Pop_music']",PT2M54S,"['Thanks for the support ğŸ™', 'Que temazo dios mÃ­o!! ğŸ’£ğŸ”¥', 'ğŸ˜­', 'ğŸ« â¤ï¸', 'his retry of the feat of 2013 with tsunami but things have changed', 'ğŸ˜ŠğŸ”¥', 'Is garib ko bhi koi subscribe kardo Jo karega uske mata pita ki Umar 100 se 200 saal ho', 'Gang ğŸ¤Ÿ', 'ğŸ‘Œ', 'this song makes me go back to my youth :)']"
42,4zITihTRuYA,Shinta Arsinta feat Mas Handhi - Cintaku | Sagita Assololley | Dangdut (Official Music Video),UC7J5Aaa2VxR3YNsewikrrqg,ENY'S PRODUCTION,33014,268,"['https://en.wikipedia.org/wiki/Music', 'https://en.wikipedia.org/wiki/Music_of_Asia']",PT6M11S,"['Luwih marem yen karo arya galih', 'ğŸ‘ŒğŸ‘ŒğŸ‘ŒğŸ‘ŒğŸ‘Œ', 'cocok....duetnya suaranya setel....', 'Request pujaan hati kangen band', 'Yuk gaskeun trending kan ğŸ‰â¤', 'Peh masht handy dulurku ğŸ˜‚ğŸ˜‚', 'gas trendinggâ¤ğŸ‰', 'Undang delva dong min duet mbak Shinta lagu sakit rindu \nSukses untuk sagita', 'Jek penak mas arya glih, sing iki ra nyeni blas', 'Waduh waduh kok mantap banget ya lagu nya emosinya langsung hilang ni bossğŸ‘‹ğŸ‘‹ğŸ‘‹ğŸ‘‹ğŸ‘‹ğŸ˜€ğŸ¤£ğŸ‘ğŸ‘ğŸ‘ğŸ‘']"
43,T6LfxVgGYU4,Flight - I Really Hate U (Official Music Video),UC_k0qgMNIW2VmTQKjFsbXDw,FlightReacts,31029,437,"['https://en.wikipedia.org/wiki/Hip_hop_music', 'https://en.wikipedia.org/wiki/Music']",PT2M4S,"['I LOVE DIS NGGA MUSIC YO', 'I gotta react to this bro hurtingggg', 'I see alot of potential here', 'Flight love the beat choice in this drop. I would love some more lyrics or just some faster type bars on the same style beat. I think u could get poppin this year off yo music. ğŸ’¯ keep that shi up', 'W', 'Opium Reacts', ""this song actually good. I can tell you've been working on your craft flight"", 'Well damn flight', 'Came from the Sad Story reaction vid xd', 'We went from â€œDuttâ€ to this shit ğŸ¤¦\u200dâ™‚ï¸']"
44,6c6DY24wMqE,Mr Eazi - Ã’rÃ²kÃ³rÃ² (feat. AngÃ©lique Kidjo) [Official Music Video],UCSytDzPOmj1YV4_ctQOIdhg,Mr Eazi,30236,149,"['https://en.wikipedia.org/wiki/Music', 'https://en.wikipedia.org/wiki/Music_of_Latin_America']",PT3M26S,"[""J'adore Ã§a depuis la ğŸ‡¨ğŸ‡©ğŸ‡¨ğŸ‡©ğŸ‡¨ğŸ‡©ğŸ‡¨ğŸ‡©ğŸ‡¨ğŸ‡©ğŸ‡¨ğŸ‡©ğŸ‡¨ğŸ‡©ğŸ‡¨ğŸ‡© je suis ton fan, courage mon artiste"", 'Eazy and mama Africa on the same truck can never disappoint â¤', 'Wakanda music ğŸ¥ºğŸ¥ºğŸ¥º', 'I was getting bored until she came in!', 'Two Yorubas( One a legend and the talented other) doing great justice to a song showcasing the culture,art and lifestyle of their race..', 'ğŸ‘ğŸ¾ğŸ‘ğŸ¾ğŸ‘ğŸ¾', '+229 Proud of you', 'I feel mama kidjo on this one. She made me subscribe to Mr Eazi YouTube account.â¤â¤â¤', ""Quand deux vraix  talent s'unissentâ¤"", 'Easy Easy ğŸ”¥']"
45,QbhGvg1aGN4,DEMON FEAT Duke - HANYA - (OFFICIAL MUSIC VIDEO),UCVaVBXo6_w8N499hhnkxJ_A,DEMON 324,28423,112,"['https://en.wikipedia.org/wiki/Hip_hop_music', 'https://en.wikipedia.org/wiki/Music']",PT2M50S,"['Demon 9sar mzyan mis 5so media bash ytla3', 'Bravo ğŸ‘ğŸ’ª', 'Ach had khraaa kitla3 f tendance marocaine dislikew 9lawi ğŸ˜‚', 'Drari finkom asahbi, tl3o tafa3ol', 'Ù‡Ø§Ø¯ Ø§Ù„Ø§ØºÙ†ÙŠØ© Ù…ØªØ£ÙƒØ¯ ØºØªÙˆÙ„ÙŠ ØªØ±ÙŠÙ†Ø¯', 'Ù…ØªØ§Ø¨Ø¹Ø© Ù…Ù† Ø£Ø¬Ù„ Ø§Ù„Ø²Ø¨ÙŠÙŠÙŠÙŠÙŠØ±. ğŸ‘ŒğŸ‘Œ', 'Music âœ”ï¸ clip âŒ', 'â¤â¤', '24k vue sababach ulh ma3erafna sababğŸ˜‚', 'Khay demon blama tzid dir frask dahk w9lblk 3la chi concept tfhm fih ama rap rak akatkhra lina fwdnina']"
46,KRxHaT0bTH8,Alec Benjamin - Pick Me [Official Music Video],UCtWBCzqucZXq0M8jsqunM0g,Alec Benjamin,32383,582,"['https://en.wikipedia.org/wiki/Music', 'https://en.wikipedia.org/wiki/Pop_music']",PT2M55S,"['Hope you guys like the new song and video ! :) more to come .. tried something different with this video and had a lot of fun making it', 'Will you ever be on tour I would love to see you liveâ¤', 'ğŸƒ', 'This is a heartfelt video and song.', ""Cute video! I'd pick you, Alec! â¤"", 'This song hits so different ğŸ”¥. Holy moly. Thanks Alec for releasing this song and a music video.', 'Lyrics:\nIs it lying if I add a couple inches to my height?\nSay I\'m 5\'11"" when I\'m really just 5\'9""\nAm I trying too hard, tell me, with these tired pickup lines?\nBaby, when you fell from Heaven, did it hurt or are you fine?\n\nWe can say that we met at a party\nOr at the park or through our friend Charlie\nSomething we\'ll probably forget\nAnd then have to make up again\nWe can say that we met doing yoga\nOr at the coffee shop over mochas\nSomething we\'ll probably forget\nAnd then have to make up again\n\nPick me if you need a guy within a hundred miles\nWho likes tea, is a Gemini, has family in Ohio\nIs free this Friday night and just might make you smile\nI know there\'s other fish in the sea\nBut pick me\n\nIs it lying if I tell you that I went to USC\nEven though I didn\'t graduate and had a 2.3?\nAm I trying too hard, tell me, if I say you\'ve got to be\nThe most flawless specimen, you\'re better than I\'ve ever seen?\n\nWe can say that we met at a party\nOr at the park or through our friend Charlie\nSomething we\'ll probably forget\nAnd then have to make up again\nWe can say that we met doing yoga\nOr at the coffee shop over mochas\nSomething we\'ll probably forget\nAnd then have to make up again\n\nPick me if you need a guy within a hundred miles\nWho likes tea, is a Gemini, has family in Ohio\nIs free this Friday night and just might make you smile\nI know there\'s other fish in the sea\nBut pick me\nBut pick me, mm\n\nIm here waiting, undeterred\nMy heart is aching, but still no word \n\nPick me if you need a guy within a hundred miles\nWho likes tea, is a Gemini, has family in Ohio\nIs free this Friday night and just might make you smile\nI know there\'s other fish in the sea\nBut pick me\nBut pick me, mm', 'â€œWhatâ€™s your addiction?â€\nMe: Alec Benjamin, his songs', 'ABSOLUTE banger', ""This song is so amazing I can't even describe it with the proper words""]"
47,P28eJafMaGE,Felo Le Tee &amp; Focalistic - Ka Lekeke (Official Music Video),UCQ1qJ99oI0qbnHz4oFViVKg,Felo Le Tee,37724,177,"['https://en.wikipedia.org/wiki/Hip_hop_music', 'https://en.wikipedia.org/wiki/Music']",PT4M8S,"['ğŸ”¥ğŸ”¥ğŸ”¥ğŸ”¥', 'Zaza suck suck ğŸ˜‚', 'Fire ğŸ”¥', 'How Are you', 'is Too Much Music Video  ğŸ™†\u200dâ™€ğŸ™†\u200dâ™€ğŸ™†\u200dâ™€ ğŸ¥ğŸ¥ğŸ¥ ğŸš¨ğŸš¨ğŸš¨ ğŸ”¥ğŸ”¥ğŸ”¥ğŸ”¥ğŸ”¥', 'This song must be sold in pharmacy because it healsğŸ˜¢ğŸ˜¢', 'Iâ€™m not sure who the the other yout is but I rate focalistic to the maxâ€¦top shotta ğŸ‘ŠğŸ½ğŸ’ªğŸ½ğŸ‡¬ğŸ‡§ğŸ‡¯ğŸ‡²ğŸ™ğŸ½', 'Incredible', 'Foca o burner tsa feloğŸ”¥', 'I was expecting sis Maria ğŸ˜­ğŸ˜­ğŸ˜­ğŸ˜­ğŸ˜­']"
48,knUn8QGkbsI,LA Tone - Slide Bout It (Official Music Video),UCxwrqIf9736o3IZ-oVhQqbA,La Tone,31275,159,"['https://en.wikipedia.org/wiki/Hip_hop_music', 'https://en.wikipedia.org/wiki/Music', 'https://en.wikipedia.org/wiki/Rock_music']",PT2M19S,"['ğŸ”¥ğŸ”¥ğŸ”¥', 'â¤ï¸\u200dğŸ”¥â¤ï¸\u200dğŸ”¥â¤ï¸\u200dğŸ”¥â¤ï¸\u200dğŸ”¥â¤ï¸\u200dğŸ”¥', 'ğŸŒªï¸ğŸŒªï¸ğŸŒªï¸ğŸŒªï¸ğŸŒªï¸', 'Word is he breathing through a straw from out his butt! and his whole room smell like boo boo ğŸ˜‚ğŸ’©ğŸ’©', 'too hard !', 'Skinoooooooo ğŸ¤ğŸ¤ğŸ»ğŸ¤ğŸ»', 'Keep it up ğŸ’ª', ""I see this shorty in Riverside Mall one day he ain't have that same energy tsw"", 'Back on bs', 'Let me get that puppy ğŸ¶ â‰ï¸']"
49,JLfS_swCBbQ,glaive - huh (official music video),UC99-EheTUUxh_CCY17u-cLg,glaiveVEVO,25928,582,"['https://en.wikipedia.org/wiki/Music', 'https://en.wikipedia.org/wiki/Pop_music']",PT2M10S,"['im getting a quadeca vibee!', '13 years later still get the chills ğŸ”¥', 'like this comment when you love glavie and you hate your opps', 'huh huh huh huh', 'HUH HUH HUH HUH', 'theres bugs in my brain theres bugs in my brain', 'Old glaive pls come back', 'Huh ğŸ¤”', 'Thanks grunk for another banger', 'cant wait for full ep']"
50,JlH7eLdf1sA,Ø¨Ø¹Ù…Ù„Ù‡Ø§ ÙƒØ¯Ù‡ - Ø¹Ù†Ø¨Ù‡ ( Ø§Ù„Ø­Ù…Ø¯ Ù„Ù„Ù‡ Ù„ÙˆØ­Ø¯ÙŠ Ø­Ù…Ù„Ù‡ ) 2024 â€ (Official Music Video) 3enba - b3melha Kda,UCy2rdGINR2BUqZoJEQ3Cz0g,Ù…ØµØ·ÙÙ‰ Ø¹Ù†Ø¨Ù‡ _ Mostafa 3enba,25672,309,"['https://en.wikipedia.org/wiki/Hip_hop_music', 'https://en.wikipedia.org/wiki/Music']",PT2M15S,"['ÙƒÙ„ Ù£ Ø§ÙŠØ§Ù… ÙƒÙ„ÙŠØ¨ Ø¬Ø¯ÙŠØ¯ ğŸ‡ğŸ”¥', 'Ø¬Ø§Ù…Ø¯', 'Ù„ÙŠØ´ Ù„Ø§Ø¨Ø³ ÙˆØ±Ø¯ÙŠ Ù„Ø§Ø­ÙˆÙ„ ÙˆÙ„Ø§Ù‚ÙˆØ© Ø§Ù„Ø§ Ø¨Ø§Ù„Ù„Ù‡', 'ÙŠØ§Ø±Ø¨ Ø¹Ù†Ø¨Ù‡ ÙŠØ´ÙˆÙ Ø§Ù„ÙƒÙˆÙ…Ø§Ù†Øª ÙˆØ¨Ù‚Ø§ Ø§ÙƒØªÙŠØ´Ø§ÙÙˆ Ø§Ù„Ø§Ø¨ Ø§Ù„Ø±ÙˆØ­ÙŠ Ø¹Ù†Ø¨Ù‡ Ø§Ù„Ø¨Ù„Ø§Ø¯', 'ÙˆØ§Ù„Ù„Ù‡ ÙŠØ§Ø¹Ù†Ø¨Ù‡ Ø§Ù†Ø§Ù…ÙØ·ÙˆÙ… Ø¹Ù„ÙŠ Ø§ØºÙ†ÙŠÙƒ ÙˆÙŠ Ø¨Ø§ÙƒØªÙŠØ¨ ÙƒÙ„Ø§Ù… Ø­Ù„Ùˆ ÙˆÙ†ØªØ§ Ø§Ø­Ù„Ø§ Ø·Ø¨Ø¹Ù† Ø¨Ø³ Ù†Ø§ÙØ³ÙŠ ÙÙŠ Ø§Ù„ÙÙˆØ±ØµØ§Ù‡', 'Ø¹Ù†Ø§Ø¨â¤â¤', 'Ø§Ù†Øª Ø¬Ø§Ù…Ø¯â¤', 'Ø¬Ø§Ù…Ø¯ â¤', 'Ø§Ù†Øª Ø­Ø¨ÙŠØ¨ Ù‚Ù„Ø¨ÙŠ ÙŠØ§ Ø¹Ù†Ø¨Ù‡ ÙŠØ§ Ù‚Ù„Ø¨ÙŠâ¤â¤â¤', 'Ø¨Ø­Ø¨Ùƒ Ø§ÙˆÙŠ ÙŠØ§ Ø¹Ù†Ø§Ø¨']"
51,8rKsxf5D-48,BABYMETAL â€“ ãƒ¡ã‚¿ã‚Šï¼ï¼ (feat. Tom Morello) (OFFICIAL Live Music Video)ã€€#Shorts,UC33_tIj4m1_XaqfFcomShvw,BABYMETAL,26444,71,"['https://en.wikipedia.org/wiki/Music', 'https://en.wikipedia.org/wiki/Rock_music']",PT28S,"['å½¼ã‚‰ãŒã‚¨ã‚¯ã‚¢ãƒ‰ãƒ«ã«æ¥ã‚‹ã¨ãã€ç§ã¯å½¼ã‚‰ã‚’ã¨ã¦ã‚‚å°Šæ•¬ã—ã¾ã™ ğŸ˜»', 'This is hype!!', 'ğŸ˜ŠğŸ˜Šâ¤â¤â¤â¤â¤', ""It's a shame that when they had their concert in Indonesia I didn't have time to attend it"", 'ëª¨ì•„ì§±ì‚¬ë‘í•´â¤â¤â¤', 'amazing performers; give it their all for ""The One""!', 'This is an amazing song, video is great, but I know live is beyond butt kicking and awesome. I would be happy to see Babymetal perform in Alabama, yes I would love to be able to see Babymetal perform in person, but to see them perform in ANY part of my home state would be amazing. But I can dream, can I?\n\nKitsunes up world ğŸ¦ŠğŸ¦ŠğŸ¦ŠğŸ¦ŠğŸ¦ŠğŸ¦ŠğŸ¦ŠğŸ¦ŠğŸ¦ŠğŸ¦ŠğŸ¦ŠğŸ¦Š', ""Let's go"", 'How to ruin perfect song with shitty video.', 'aquÃ­ los fans de BABYMETALğŸ¤˜â¤']"
