,video_id,title,channel_id,channel_title
0,JGwWNGJdvx8,Ed Sheeran - Shape of You (Official Music Video),UC0C-w0YjGpqDXGB8IHb662A,Ed Sheeran
1,09R8_2nJtjg,Maroon 5 - Sugar (Official Music Video),UCN1hnUccO4FD5WfM7ithXaw,Maroon5VEVO
2,pRpeEdMmmQ0,Shakira - Waka Waka (This Time for Africa) (The Official 2010 FIFA World Cup™ Song),UCGnjeahCJW1AF34HBmQTJ-Q,shakiraVEVO
3,lp-EO5I60KA,Ed Sheeran - Thinking Out Loud (Official Music Video),UC0C-w0YjGpqDXGB8IHb662A,Ed Sheeran
4,2Vv-BfVoq4g,Ed Sheeran - Perfect (Official Music Video),UC0C-w0YjGpqDXGB8IHb662A,Ed Sheeran
5,aJOTlE1K90k,Maroon 5 - Girls Like You ft. Cardi B (Official Music Video),UCN1hnUccO4FD5WfM7ithXaw,Maroon5VEVO
6,YqeW9_5kURI,Major Lazer &amp; DJ Snake - Lean On (feat. MØ) (Official Music Video),UCMJ5Qf3sOvQpcYiai1Noa3Q,Major Lazer Official
7,YQHsXMglC9A,Adele - Hello (Official Music Video),UComP_epzeKzvBX156r6pm1Q,AdeleVEVO
8,k2qgadSvNyU,Dua Lipa - New Rules (Official Music Video),UC-J-KZfRV8c13fOCkhXdLiQ,Dua Lipa
9,fLexgOxsZu0,Bruno Mars - The Lazy Song (Official Music Video),UCoUM-UJ7rirJYP8CQ0EIaHA,Bruno Mars
10,2vjPBrBU-TM,Sia - Chandelier (Official Video),UCmKdSrwf1e8coqAzUsrVHZw,SiaVEVO
11,7wtfhZwyrcc,Imagine Dragons - Believer (Official Music Video),UCpx_k19S2vUutWUUM9qmXEg,ImagineDragonsVEVO
12,rYEDA3JcQqw,Adele - Rolling in the Deep (Official Music Video),UComP_epzeKzvBX156r6pm1Q,AdeleVEVO
13,rtOvBOTyX00,Christina Perri - A Thousand Years [Official Music Video],UC2gMECGMn5TVbRN5S5tKb8Q,Christina Perri
14,PMivT7MJ41M,Bruno Mars - That’s What I Like [Official Music Video],UCoUM-UJ7rirJYP8CQ0EIaHA,Bruno Mars
15,8UVNT4wvIGY,Gotye - Somebody That I Used To Know (feat. Kimbra) [Official Music Video],UCFC9LamNMmLioW643VZ40OA,gotyemusic
16,kXYiU_JCYtU,Numb (Official Music Video) [4K UPGRADE] – Linkin Park,UCZU9T1ceaOgwfLRq7OKFU4Q,Linkin Park
17,l0U7SxXHkPY,Future - Life Is Good (Official Music Video) ft. Drake,UCFNosi99Sp0_eLilBiXmmXA,FutureVEVO
18,hLQl3WQQoQ0,Adele - Someone Like You (Official Music Video),UComP_epzeKzvBX156r6pm1Q,AdeleVEVO
19,V1Pl8CzNzCw,"Billie Eilish, Khalid - lovely (Official Music Video)",UCDGmojLIoWpXok597xYo8cg,BillieEilishVEVO
20,5qm8PH4xAss,50 Cent - In Da Club (Official Music Video),UC0sL86jDLgs2fGRD-XBnPQA,50CentVEVO
21,LjhCEhWiKXk,Bruno Mars - Just The Way You Are (Official Music Video),UCoUM-UJ7rirJYP8CQ0EIaHA,Bruno Mars
22,YVkUvmDQ3HY,Eminem - Without Me (Official Music Video),UC20vb-R_px4CguHzzBPhoyQ,EminemVEVO
23,hTWKbfoikeg,Nirvana - Smells Like Teen Spirit (Official Music Video),UCzGrGrvf9g8CVVzh_LvGf-g,NirvanaVEVO
24,qrO4YZeyl0I,Lady Gaga - Bad Romance (Official Music Video),UC07Kxew-cMIaykMOkzqHtBQ,LadyGagaVEVO
25,6NXnxTNIWkc,4 Non Blondes - What&#39;s Up (Official Music Video),UCJsu1rqVUJckZ-nSTLIWjcg,4NonBlondesVEVO
26,eVTXPUF4Oz4,In The End [Official HD Music Video] - Linkin Park,UCZU9T1ceaOgwfLRq7OKFU4Q,Linkin Park
27,UqyT8IEBkvY,Bruno Mars - 24K Magic (Official Music Video),UCoUM-UJ7rirJYP8CQ0EIaHA,Bruno Mars
28,nCkpzqqog4k,Sam Smith - I&#39;m Not The Only One (Official Music Video),UC3Pa0DVzVkqEN_CwsNMapqg,SamSmithVEVO
29,xTlNMmZKwpA,"Cardi B, Bad Bunny &amp; J Balvin - I Like It [Official Music Video]",UCxMAbVFmxKUVGAll0WVGpFw,Cardi B
30,VbfpW0pbvaU,Shawn Mendes - Stitches (Official Music Video),UC4-TgOSMJHn-LtY4zCzbQhw,ShawnMendesVEVO
31,8WYHDfJDPDc,Nelly - Dilemma (Official Music Video) ft. Kelly Rowland,UCzQNgpWWPLuoAC6zA3VejzA,NellyVEVO
32,dQw4w9WgXcQ,Rick Astley - Never Gonna Give You Up (Official Music Video),UCuAXFkgsw1L7xaCfnd5JJOw,Rick Astley
33,KlyXNRrsk4A,Katy Perry - Last Friday Night (T.G.I.F.) (Official Music Video),UC-8Q-hLdECwQmaWNwXitYDw,KatyPerryVEVO
34,6Ejga4kJUts,The Cranberries - Zombie (Official Music Video),UCF9i903aeMcvcapmP1bS1oA,TheCranberriesVEVO
35,LHCob76kigA,Lukas Graham - 7 Years [Official Music Video],UCs8ynQgjoKZblUXosXoeOEQ,Lukas Graham
36,XXYlFuWEuKI,The Weeknd - Save Your Tears (Official Music Video),UCF_fDSgPpBQuh1MsUTgIARQ,TheWeekndVEVO
37,QGJuMBdaqIw,Katy Perry - Firework (Official Music Video),UC-8Q-hLdECwQmaWNwXitYDw,KatyPerryVEVO
38,ZyhrYis509A,Aqua - Barbie Girl (Official Music Video),UCCiijV9YJmUtKSXOcxMqc_g,AquaVEVO
39,ekzHIouo8Q4,Bruno Mars - When I Was Your Man (Official Music Video),UCoUM-UJ7rirJYP8CQ0EIaHA,Bruno Mars
40,nSDgHBxUbVQ,Ed Sheeran - Photograph (Official Music Video),UC0C-w0YjGpqDXGB8IHb662A,Ed Sheeran
41,vx2u5uUu3DE,Bon Jovi - It&#39;s My Life (Official Music Video),UCwlTofOAY79PS_GhmborAdA,BonJoviVEVO
42,3YxaaGgTQYM,Evanescence - Bring Me To Life (Official HD Music Video),UCDDmukrq0bwckrp09bNt-Rw,EvanescenceVEVO
43,bESGLojNYSo,Lady Gaga - Poker Face (Official Music Video),UC07Kxew-cMIaykMOkzqHtBQ,LadyGagaVEVO
44,DyDfgMOUjCI,Billie Eilish - bad guy (Official Music Video),UCDGmojLIoWpXok597xYo8cg,BillieEilishVEVO
45,dT2owtxkU8k,Shawn Mendes - There&#39;s Nothing Holdin&#39; Me Back (Official Music Video),UC4-TgOSMJHn-LtY4zCzbQhw,ShawnMendesVEVO
46,OMOGaugKpzs,The Police - Every Breath You Take (Official Music Video),UC4CnFBpo6Zk8D6bmeXB0MTg,ThePoliceVEVO
47,9jK-NcRmVcw,Europe - The Final Countdown (Official Video),UCnzCV_PxVZ-hsOrTy2NGxJw,EuropeVEVO
48,kTHNpusq654,Katy Perry - Hot N Cold (Official Music Video),UC-8Q-hLdECwQmaWNwXitYDw,KatyPerryVEVO
49,bKDdT_nyP54,Akon - Smack That (Official Music Video) ft. Eminem,UCX2v47KsDKqajrEYFV7GbBg,AkonVEVO
50,bKDdT_nyP54,Akon - Smack That (Official Music Video) ft. Eminem,UCX2v47KsDKqajrEYFV7GbBg,AkonVEVO
51,SR6iYWJxHqs,Bruno Mars - Grenade (Official Music Video),UCoUM-UJ7rirJYP8CQ0EIaHA,Bruno Mars
52,4LfJnj66HVQ,Lil Pump - Gucci Gang [Official Music Video],UC6pjHMC4QXMi4llCCjtDXWg,Lil Pump
53,zDo0H8Fm7d0,Bebe Rexha - Meant to Be (feat. Florida Georgia Line) [Official Music Video],UC5-gWZXAQqSGVfPHkA7NRiQ,Bebe Rexha
54,m7Bc3pLyij0,Marshmello ft. Bastille - Happier (Official Music Video),UCEdvpU2pFRCVqU6yIPyTpMQ,Marshmello
55,UceaB4D0jpo,Post Malone ft. 21 Savage - rockstar (Official Music Video),UCOhtMAg7xh8wv_wUHMgFc-Q,PostMaloneVEVO
56,GX8Hg6kWQYI,XXXTENTACION - MOONLIGHT (OFFICIAL MUSIC VIDEO),UCM9r1xn6s30OnlJWb-jc3Sw,XXXTENTACION
57,YlUKcNNmywk,Red Hot Chili Peppers - Californication (Official Music Video) [HD UPGRADE],UCEuOwB9vSL1oPKGNdONB4ig,Red Hot Chili Peppers
58,mWRsgZuwf_8,Imagine Dragons - Demons (Official Music Video),UCpx_k19S2vUutWUUM9qmXEg,ImagineDragonsVEVO
59,fwK7ggA3-bU,Maroon 5 - One More Night (Official Music Video),UCN1hnUccO4FD5WfM7ithXaw,Maroon5VEVO
60,n4RjJKxsamQ,Scorpions - Wind Of Change (Official Music Video),UCqfmagAXUrUTHpJldTPRseg,ScorpionsVEVO
61,e-fA-gBCkj0,Bruno Mars - Locked Out Of Heaven (Official Music Video),UCoUM-UJ7rirJYP8CQ0EIaHA,Bruno Mars
62,fV4DiAyExN0,Hoobastank - The Reason (Official Music Video),UCRKwxkAaQWPhbLuE1KDbyeg,HoobastankVEVO
63,6EEW-9NDM5k,Akon - Lonely (Official Music Video),UCX2v47KsDKqajrEYFV7GbBg,AkonVEVO
64,WpYeekQkAdc,The Black Eyed Peas - Where Is The Love? (Official Music Video),UCrwmu-gceGOmtZeuTsn7DlQ,BlackEyedPeasVEVO
65,Ahha3Cqe_fk,Katy Perry - The One That Got Away (Official Music Video),UC-8Q-hLdECwQmaWNwXitYDw,KatyPerryVEVO
66,CvBfHwUxHIk,Rihanna - Umbrella (Orange Version) (Official Music Video) ft. JAY-Z,UC2xskkQVFEpLcGFnNSLQY0A,RihannaVEVO
67,9BMwcO6_hyA,Bon Jovi - Always (Official Music Video),UCwlTofOAY79PS_GhmborAdA,BonJoviVEVO
68,hiP14ED28CA,Jason Derulo - Wiggle feat. Snoop Dogg [Official Music Video],UCe3yZzUwpmy2eKKmF9svX0Q,Jason Derulo
69,u9Dg-g7t2l4,Disturbed  - The Sound Of Silence (Official Music Video) [4K UPGRADE],UCveWMJeHgcIUPMnFzd7Vxjg,Disturbed
70,6JnGBs88sL0,Nelly Furtado - Say It Right (Official Music Video),UCrSczPA0uxFM-PgWOeDX-ew,NellyFurtadoVEVO
71,5anLPw0Efmo,Evanescence - My Immortal (Official HD Music Video),UCDDmukrq0bwckrp09bNt-Rw,EvanescenceVEVO
72,S9bCLPwzSC0,Eminem - Mockingbird [Official Music Video],UC20vb-R_px4CguHzzBPhoyQ,EminemVEVO
73,gOsM-DYAEhY,Imagine Dragons - Whatever It Takes (Official Music Video),UCpx_k19S2vUutWUUM9qmXEg,ImagineDragonsVEVO
74,SRcnnId15BA,50 Cent - Candy Shop (Official Music Video) ft. Olivia,UC0sL86jDLgs2fGRD-XBnPQA,50CentVEVO
75,WXBHCQYxwr0,Ava Max - Sweet but Psycho [Official Music Video],UCOwgc8DswjoBMuuUU2ScPvQ,Ava Max
76,pbMwTqkKSps,Billie Eilish - when the party&#39;s over (Official Music Video),UCDGmojLIoWpXok597xYo8cg,BillieEilishVEVO
77,C-u5WLJ9Yk4,Britney Spears - ...Baby One More Time (Official Video),UCZijND2e2tPp2AQL8Go2YSg,BritneySpearsVEVO
78,pfVODjDBFxU,Imran Khan - Satisfya (Official Music Video),UCGq-2cxsm_pVxGrWYraw8wg,imrankhanworld
79,vJwKKKd2ZYE,Bobby Shmurda - Hot N*gga (Official Music Video),UCxP1EYNz6OfgciUNwx6m5gA,BobbyShmurdaVEVO
80,KRaWnd3LJfs,Maroon 5 - Payphone ft. Wiz Khalifa (Explicit) (Official Music Video),UCN1hnUccO4FD5WfM7ithXaw,Maroon5VEVO
81,LsoLEjrDogU,Bruno Mars - Finesse (Remix) (feat. Cardi B) (Official Music Video),UCoUM-UJ7rirJYP8CQ0EIaHA,Bruno Mars
82,pPw_izFr5PA,6IX9INE- GOOBA (Official Music Video),UCF6jRAgCbSanHolKt0Vt6Qw,Tekashi 6ix9ine
83,kTJczUoc26U,"The Kid LAROI, Justin Bieber - STAY (Official Video)",UCqPbkJrjrsQb_RGlC_4HEgg,TheKidLAROIVEVO
84,4DO8GsIYfhQ,"Enrique Iglesias, Juan Luis Guerra - Cuando Me Enamoro (Official Music Video)",UCVttQE6tS_agDSAU61Q65aA,EnriqueIglesiasVEVO
85,TUVcZfQe-Kw,Dua Lipa - Levitating Featuring DaBaby (Official Music Video),UC-J-KZfRV8c13fOCkhXdLiQ,Dua Lipa
86,Mgfe5tIwOj0,Dua Lipa - IDGAF (Official Music Video),UC-J-KZfRV8c13fOCkhXdLiQ,Dua Lipa
87,kPBzTxZQG5Q,3 Doors Down - Here Without You (Official Music Video),UCRxxOhTdsfA0hdvDG9Tb0HA,3DoorsDownVEVO
88,OZLUa8JUR18,Lil Wayne - Mirror ft. Bruno Mars (Official Music Video),UCEOhcOACopL42xyOBIv1ekg,LilWayneVEVO
89,ZaI2IlHwmgQ,The Black Eyed Peas - Pump It (Official Music Video),UCrwmu-gceGOmtZeuTsn7DlQ,BlackEyedPeasVEVO
90,xFrGuyw1V8s,Abba - Dancing Queen (Official Music Video Remastered),UCa_4DcdTB9QfK0LY9-7qWuQ,AbbaVEVO
91,K_9tX4eHztY,Future - Low Life (Official Music Video) ft. The Weeknd,UCFNosi99Sp0_eLilBiXmmXA,FutureVEVO
92,av5JD1dfj_c,"Sam Smith, Normani - Dancing With A Stranger (Official Music Video)",UC3Pa0DVzVkqEN_CwsNMapqg,SamSmithVEVO
93,VCLxJd1d84s,The Pussycat Dolls - Buttons (Official Music Video) ft. Snoop Dogg,UCiA9R5n9sR06RgGGigkY5RA,ThePussycatDollsVEVO
94,iEPTlhBmwRg,Maroon 5 - Moves Like Jagger ft. Christina Aguilera (Official Music Video),UCN1hnUccO4FD5WfM7ithXaw,Maroon5VEVO
95,WcIcVapfqXw,"Rema, Selena Gomez - Calm Down (Official Music Video)",UCjK8ORC71kwyj1DWFwril_A,SelenaGomezVEVO
96,Soa3gO7tL-c,Green Day - Boulevard Of Broken Dreams [Official Music Video],UCqC_GY2ZiENFz2pwL0cSfAw,Green Day
97,vMLk_T0PPbk,"Black Eyed Peas, Shakira - GIRL LIKE ME (Official Music Video)",UCrwmu-gceGOmtZeuTsn7DlQ,BlackEyedPeasVEVO
98,oofSnsGkops,James Blunt - You&#39;re Beautiful (Official Music Video) [4K],UCUg8KhMXhFxJm-YQzOQ7nPw,James Blunt
99,rywUS-ohqeE,Alicia Keys - No One (Official Music Video),UCETZ7r1_8C1DNFDO-7UXwqw,aliciakeysVEVO
100,CHVhwcOg6y8,Justin Bieber - One Time (Official Music Video),UCHkj014U2CQ2Nv0UZeYpE_A,JustinBieberVEVO
101,F90Cw4l-8NY,Bastille - Pompeii (Official Music Video),UCA3nrVC6HlfDs414V_SYlbQ,BastilleVEVO
102,rn_YodiJO6k,Red Hot Chili Peppers - Otherside [Official Music Video],UCEuOwB9vSL1oPKGNdONB4ig,Red Hot Chili Peppers
103,12CeaxLiMgE,"Dillon Francis, DJ Snake - Get Low (Official Music Video)",UCHKsIBnhOfusZtsjFyKpX8w,DillonFrancisVEVO
104,GgmFC8y8q3k,So High | Official Music Video | Sidhu Moose Wala ft. BYG BYRD | Humble Music,UCz2si8w1MqVtl1moygyGqpQ,Humble Music
105,wlS6Ix7mA0w,Anitta &amp; J Balvin - Downtown [Official Music Video],UCqjjyPUghDSSKFBABM_CXMw,Anitta
106,uSD4vsh1zDA,The Black Eyed Peas - I Gotta Feeling (Official Music Video),UCrwmu-gceGOmtZeuTsn7DlQ,BlackEyedPeasVEVO
107,F57P9C4SAW4,Katy Perry - California Gurls (Official Music Video) ft. Snoop Dogg,UC-8Q-hLdECwQmaWNwXitYDw,KatyPerryVEVO
108,mDFBTdToRmw,LITTLE BIG – SKIBIDI (official music video),UCu7TZ_ATWgjgD9IrNLdnYDA,Little Big
109,CxnaPa8ohmM,G-Eazy - I Mean It (Official Music Video) ft. Remo,UCjjC1Jk_1o1VWpLalgo21XQ,GEazyMusicVEVO
110,QZXc39hT8t4,"Dr. Dre - The Next Episode (Official Music Video) ft. Snoop Dogg, Kurupt, Nate Dogg",UCx4Lxn5CzeG99X01__YsJpw,DrDreVEVO
111,nPvuNsRccVw,Bruno Mars - Treasure (Official Music Video),UCoUM-UJ7rirJYP8CQ0EIaHA,Bruno Mars
112,4kHl4FoK1Ys,"Modern Talking - You&#39;re My Heart, You&#39;re My Soul (Official Music Video)",UCtqHCdL5nEjZp5FHAokQ-wQ,ModernTalkingVEVO
113,5Wiio4KoGe8,Maroon 5 - What Lovers Do ft. SZA (Official Music Video),UCN1hnUccO4FD5WfM7ithXaw,Maroon5VEVO
114,Tet6_BlStEM,Siti Badriah - Lagi Syantik (Official Music Video NAGASWARA),UChvdpkJqIaVo7kbKPtmKXhA,NAGASWARA Official Video Indonesian Music Channel
115,G7KNmW9a75Y,Miley Cyrus - Flowers (Official Video),UCdI8evszfZvyAl2UVCypkTA,MileyCyrusVEVO
116,oygrmJFKYZY,Dua Lipa - Don&#39;t Start Now (Official Music Video),UC-J-KZfRV8c13fOCkhXdLiQ,Dua Lipa
117,ggJMQHltiQc,Diamond | Official Music Video | Gurnam Bhullar | Songs 2018 | Jass Records,UC9Gjog4enoDWRWTaYuamx1g,Jass Records
118,H5v3kku4y6Q,Harry Styles - As It Was (Official Video),UCbOCbp5gXL8jigIBZLqMPrw,HarryStylesVEVO
119,7qaHdHpSjX8,Brett Young - In Case You Didn&#39;t Know (Official Music Video),UChpgnPWp9RsKODOmExta_TA,BrettYoungVEVO
120,gBRi6aZJGj4,Billie Eilish - Bellyache (Official Music Video),UCDGmojLIoWpXok597xYo8cg,BillieEilishVEVO
121,hFCjGiawJi4,Anitta - Envolver [Official Music Video],UCqjjyPUghDSSKFBABM_CXMw,Anitta
122,0-7IHOXkiV8,KALEO - Way Down We Go (Official Music Video),UCXqJrBG563pZnaqLoxHjUDg,KALEO
123,tfSS1e3kYeo,Travis Scott - HIGHEST IN THE ROOM (Official Music Video),UClRx3MMyYUyqOxyEqA5F2nQ,TravisScottVEVO
124,8sgycukafqQ,What I&#39;ve Done [Official Music Video] - Linkin Park,UCZU9T1ceaOgwfLRq7OKFU4Q,Linkin Park
125,0J2QdDbelmY,The White Stripes - Seven Nation Army (Official Music Video),UC0sQemK7pgX5fYy0k1MFsHg,The White Stripes
126,-rey3m8SWQI,Dua Lipa - Be The One (Official Music Video),UC-J-KZfRV8c13fOCkhXdLiQ,Dua Lipa
127,xvZqHgFz51I,Future - Mask Off (Official Music Video),UCFNosi99Sp0_eLilBiXmmXA,FutureVEVO
128,p-Z3YrHJ1sU,Edward Maya &amp; Vika Jigulina - Stereo Love (Official Music Video),UCpDJl2EmP7Oh90Vylx0dZtA,Spinnin' Records
129,U5rLz5AZBIA,"Timbaland - The Way I Are (Official Music Video) ft. Keri Hilson, D.O.E., Sebastian",UCrHeROKlt3iOzhZHRV2oYkg,TimbalandVEVO
130,JWA5hJl4Dv0,Akon - Don&#39;t Matter (Official Music Video),UCX2v47KsDKqajrEYFV7GbBg,AkonVEVO
131,fCZVL_8D048,Master KG - Jerusalema  [Feat. Nomcebo] (Official Music Video),UCzMzPGGVKpjZAJy1aOAUieA,Openmic Productions
132,uo14xGYwWd4,Gucci Mane - I Get The Bag feat. Migos [Official Music Video],UCSugZEYrWbzqIWGD195V-YA,Gucci Mane
133,0J3vgcE5i2o,Nelly Furtado - Promiscuous (Official Music Video) ft. Timbaland,UCrSczPA0uxFM-PgWOeDX-ew,NellyFurtadoVEVO
134,ysSxxIqKNN0,New Divide [Official Music Video] - Linkin Park,UCZU9T1ceaOgwfLRq7OKFU4Q,Linkin Park
135,y83x7MgzWOA,Ed Sheeran &amp; Justin Bieber - I Don&#39;t Care [Official Music Video],UC0C-w0YjGpqDXGB8IHb662A,Ed Sheeran
136,cNw8A5pwbVI,"Pia Mia - Do It Again ft. Chris Brown, Tyga (Official Music Video)",UCnFngWHLtr4phM30rhNqFEw,PrincessPiaMiaVEVO
137,Oextk-If8HQ,Keane - Somewhere Only We Know (Official Music Video),UCu1raXDJ4jkIiyy_NOUF2QQ,KeaneVEVO
138,2IH8tNQAzSs,Lil Wayne - Lollipop (Official Music Video) ft. Static,UCEOhcOACopL42xyOBIv1ekg,LilWayneVEVO
139,orJSJGHjBLI,Ed Sheeran - Bad Habits [Official Video],UC0C-w0YjGpqDXGB8IHb662A,Ed Sheeran
140,8UFIYGkROII,Soulja Boy Tell&#39;em - Crank That (Soulja Boy) (Official Music Video),UCK5Z4cLoPQrbOXVsrD7Vigw,SouljaBoyTellemVEVO
141,CQLsdm1ZYAw,Rema - Calm Down (Official Music Video),UCHGF6zfD2gwLuke95X3CKFQ,Rema
142,E5ONTXHS2mM,Desiigner - Panda (Official Music Video),UCuoH9aFpJT0HltXb0XrKRNQ,DesiignerVEVO
143,eNvUS-6PTbs,Modern Talking - Cheri Cheri Lady (Official Music Video),UCtqHCdL5nEjZp5FHAokQ-wQ,ModernTalkingVEVO
144,50VNCymT-Cs,Alec Benjamin - Let Me Down Slowly [Official Music Video],UCtWBCzqucZXq0M8jsqunM0g,Alec Benjamin
145,tcYodQoapMg,Ariana Grande - positions (official video),UC0VOyT2OCBKdQhF3BAbZ-1g,ArianaGrandeVevo
146,UNZqm3dxd2w,Roddy Ricch - The Box [Official Music Video],UChQdA1rid5kKZh6oIc6DLNg,Roddy Ricch
147,gGdGFtwCNBE,The Killers - Mr. Brightside (Official Music Video),UCjB3CzA-MwHrDzuXGweNiMg,TheKillersVEVO
148,znlFu_lemsU,Mary J. Blige - Family Affair (Official Music Video),UCQ-ttSCwBiGhgM5GLY1hzWA,MaryJBligeVEVO
149,niqrrmev4mA,Lady Gaga - Alejandro (Official Music Video),UC07Kxew-cMIaykMOkzqHtBQ,LadyGagaVEVO
150,K0ibBPhiaG0,Ed Sheeran - Castle On The Hill [Official Music Video],UC0C-w0YjGpqDXGB8IHb662A,Ed Sheeran
151,hn3wJ1_1Zsg,LP - Lost On You (Official Music Video),UCGZhNQ6mRnvLa0_oVJNG_kA,LP
152,JVpTp8IHdEg,"Alok, Bruno Martini feat. Zeeba - Hear Me Now (Official Music Video)",UCpDJl2EmP7Oh90Vylx0dZtA,Spinnin' Records
153,D4hAVemuQXY,Eminem - Sing For The Moment (Official Music Video),UC20vb-R_px4CguHzzBPhoyQ,EminemVEVO
154,r00ikilDxW4,Green Day - 21 Guns [Official Music Video],UCqC_GY2ZiENFz2pwL0cSfAw,Green Day
155,S_E2EHVxNAE,Richard Marx - Right Here Waiting (Official Music Video),UCG6CoWyzGCZDf-DEwynyxtA,RichardMarxVEVO
156,hsm4poTWjMs,Cardi B - WAP feat. Megan Thee Stallion [Official Music Video],UCxMAbVFmxKUVGAll0WVGpFw,Cardi B
157,psuRGfAaju4,Owl City - Fireflies (Official Music Video),UCV-UW3I3mXakSoqV8SpF1sg,OwlCityVEVO
158,VuG7ge_8I2Y,Maan Meri Jaan | Official Music Video | Champagne Talk | King,UCrtOnzd9dWH9lXTAB-64Hfg,King
159,2Y6Nne8RvaA,Kungs vs Cookin’ on 3 Burners - This Girl (Official Music Video),UCcsGmYitOT9kpZA6wPHXpGQ,KungsVEVO
160,I7HahVwYpwo,The Black Eyed Peas - Meet Me Halfway (Official Music Video),UCrwmu-gceGOmtZeuTsn7DlQ,BlackEyedPeasVEVO
161,5XK4v2fgMPU,KYLE - iSpy feat. Lil Yachty [Official Music Video],UCzh_pC-GdOzUDMK2gBBfoZA,SuperDuperKyle
162,eiDiKwbGfIY,Ed Sheeran - Perfect Symphony [with Andrea Bocelli] (Official Music Video),UC0C-w0YjGpqDXGB8IHb662A,Ed Sheeran
163,XWJrPzAUzAs,Shaggy - Angel ft. Rayvon (Official Music Video),UC6itD5EKLCgriSi_k2lpoxg,ShaggyVEVO
164,NdYWuo9OFAw,Goo Goo Dolls – Iris [Official Music Video] [4K Remaster],UCiEKDhv4v0YTc-ZtpABkXZA,Goo Goo Dolls
165,mzJj5-lubeM,Red Hot Chili Peppers - Scar Tissue [Official Music Video],UCEuOwB9vSL1oPKGNdONB4ig,Red Hot Chili Peppers
166,Q0oIoR9mLwc,Red Hot Chili Peppers - Dark Necessities [Official Music Video],UCEuOwB9vSL1oPKGNdONB4ig,Red Hot Chili Peppers
167,2cXDgFwE13g,Skrillex - First Of The Year (Equinox) [Official Music Video],UC_TVqp_SyG6j5hG-xVRy95A,Skrillex
168,JFm7YDVlqnI,Drake - Laugh Now Cry Later (Official Music Video) ft. Lil Durk,UCQznUf1SjfDqx65hX3zRDiA,DrakeVEVO
169,i7wveOu5hkQ,INNA - Yalla | Official Music Video,UCr8RbU-D7iSvpy0ZO-AasoQ,INNA
170,bXcSLI58-h8,Lil Nas X - Panini (Official Video),UCtTfSyci2urfwXXu_eRpNRA,LilNasXVEVO
171,wagn8Wrmzuc,Lady Gaga - Judas (Official Music Video),UC07Kxew-cMIaykMOkzqHtBQ,LadyGagaVEVO
172,L_jWHffIx5E,Smash Mouth - All Star (Official Music Video),UCgGEU8jHmCNtFI7n_AG-03g,SmashMouthVEVO
173,LPTlvQ1Zet0,"21 Savage, Offset, Metro Boomin - Ric Flair Drip (Official Music Video)",UCJTWqqBgwNNzF3p-YwPApKA,21SavageVEVO
174,HUHC9tYz8ik,Billie Eilish - bury a friend (Official Music Video),UCDGmojLIoWpXok597xYo8cg,BillieEilishVEVO
175,rp4UwPZfRis,Rihanna - Unfaithful (Official Music Video),UC2xskkQVFEpLcGFnNSLQY0A,RihannaVEVO
176,viimfQi_pUw,Billie Eilish - Ocean Eyes (Official Music Video),UCiGm_E4ZwYSHV3bcW1pnSeQ,Billie Eilish
177,rJYcmq__nDM,Rihanna - Rehab (Official Music Video) ft. Justin Timberlake,UC2xskkQVFEpLcGFnNSLQY0A,RihannaVEVO
178,phaJXp_zMYM,The Notorious B.I.G. - Big Poppa (Official Music Video) [HD],UCIZGqIYkST36dLp0uf9o9nw,The Notorious B.I.G.
179,EVBsypHzF3U,Lady Gaga - Telephone ft. Beyoncé (Official Music Video),UC07Kxew-cMIaykMOkzqHtBQ,LadyGagaVEVO
180,2xWkATdMQms,CJ - WHOOPTY [Official Music Video],UCfgzyX8VuStff4elIxAN2Ag,Real CJ
181,-FyjEnoIgTM,Bruno Mars - Versace on the Floor (Official Music Video),UCoUM-UJ7rirJYP8CQ0EIaHA,Bruno Mars
182,VjHMDlAPMUw,Lost Frequencies - Are You With Me (Official Music Video),UCGZXYc32ri4D0gSLPf2pZXQ,Armada Music TV
183,LdH7aFjDzjI,Bebe Rexha - I&#39;m A Mess [Official Music Video],UC5-gWZXAQqSGVfPHkA7NRiQ,Bebe Rexha
184,LYU-8IFcDPw,Faint (Official Music Video) [4K UPGRADE] – Linkin Park,UCZU9T1ceaOgwfLRq7OKFU4Q,Linkin Park
185,rSOzN0eihsE,"Akon - Beautiful (Official Music Video) ft. Colby O&#39;Donis, Kardinal Offishall",UCX2v47KsDKqajrEYFV7GbBg,AkonVEVO
186,VWoIpDVkOH0,Sheck Wes - Mo Bamba (Official Music Video),UCkHiy32HGV0qaB9nV9afdnQ,SheckWesVEVO
187,taSubkjZUA4,Tiësto &amp; Karol G - Don&#39;t Be Shy (Official Music Video),UCPk3RMMXAfLhMJPFpQhye9g,Tiësto
188,ZRtdQ81jPUQ,YOASOBI「アイドル」 Official Music Video,UCvpredjG93ifbCP1Y77JyFA,Ayase / YOASOBI
189,LAYgZEMMWxo,Kehlani - Gangsta (from Suicide Squad: The Album) [Official Music Video],UCuE1A4MDBt8YkgUkRAKMtjw,Kehlani
190,CJOZc02VwJM,Roddy Ricch - Down Below [Official Music Video] (Dir. by JMP),UChQdA1rid5kKZh6oIc6DLNg,Roddy Ricch
191,pvuN_WvF1to,Lil Dicky - Earth (Official Music Video),UC8rVJyj4zE0S9-sccMLifIA,Lil Dicky
192,ri5_fzndMBg,Marcus &amp; Martinus - Elektrisk (Official Music Video) ft. Katastrofe,UCkQfpYN8f6iuNTZkATOqVaQ,MarcusMartinusVEVO
193,AoAm4om0wTs,"Lady Gaga, Ariana Grande - Rain On Me (Official Music Video)",UC07Kxew-cMIaykMOkzqHtBQ,LadyGagaVEVO
194,_XBVWlI8TsQ,Kaifi Khalil - Kahani Suno 2.0 [Official Music Video],UCqmowpgZj12rgCaLDcHSeEQ,Kaifi Khalil
195,RQUuqbzQVsY,"Liam Payne, Rita Ora - For You (Fifty Shades Freed) (Official Music Video)",UCk1OAveiSUJjtQ8w4B_ayrA,FiftyShadesVEVO
196,RQ9_TKayu9s,Eminem - Cleanin&#39; Out My Closet (Official Music Video),UC20vb-R_px4CguHzzBPhoyQ,EminemVEVO
197,ZJL4UGSbeFg,Shania Twain - Man! I Feel Like A Woman (Official Music Video),UCGD9Vd6tEBkmM0hArMjgu3w,ShaniaTwainVEVO
198,dvfZ95ueOcQ,Selena - Amor Prohibido (Official Music Video),UCIZY5N1_e4yCLN7dd_vFJTw,SelenaVEVO
199,uEJuoEs1UxY,Bebe Rexha - I Got You [Official Music Video],UC5-gWZXAQqSGVfPHkA7NRiQ,Bebe Rexha
200,jH1RNk8954Q,Ava Max - Kings &amp; Queens [Official Music Video],UCOwgc8DswjoBMuuUU2ScPvQ,Ava Max
201,dxytyRy-O1k,BURN IT DOWN [Official Music Video] - Linkin Park,UCZU9T1ceaOgwfLRq7OKFU4Q,Linkin Park
202,C-dvTjK_07c,Usher - DJ Got Us Fallin&#39; In Love (Official Music Video) ft. Pitbull,UCU8hEdjK8u27TM7KA8JVIEw,UsherVEVO
203,_zR6ROjoOX0,Iggy Azalea - Work (Official Music Video),UCcdOEjqjiVAnUtEFZIRTlHg,iggyazaleamusicVEVO
204,8DyziWtkfBw,Red Hot Chili Peppers - Can&#39;t Stop [Official Music Video],UCEuOwB9vSL1oPKGNdONB4ig,Red Hot Chili Peppers
205,EgBJmlPo8Xw,Billie Eilish - everything i wanted (Official Music Video),UCDGmojLIoWpXok597xYo8cg,BillieEilishVEVO
206,RhMYBfF7-hE,LITTLE BIG - HYPNODANCER (Official Music Video),UCu7TZ_ATWgjgD9IrNLdnYDA,Little Big
207,agrXgrAgQ0U,Fergie - Big Girls Don&#39;t Cry (Personal) (Official Music Video),UCCJ_1t1xHtks-cv1IU6EAWw,FergieVEVO
208,PmYypVozQb4,Sam Smith - How Do You Sleep? (Official Music Video),UC3Pa0DVzVkqEN_CwsNMapqg,SamSmithVEVO
209,CtwJvgPJ9xw,Chamillionaire - Ridin&#39; (Official Music Video) ft. Krayzie Bone,UCMRskGhIHaxFn5xl_gsQlWg,ChamillionaireVEVO
210,Ecl8Aod0Tl0,Burna Boy - On The Low [Official Music Video],UCEzDdNqNkT-7rSfSGSr1hWg,Burna Boy
211,fNFzfwLM72c,Bee Gees - Stayin&#39; Alive (Official Music Video),UCRRDW9soKSiOisOMyM3TzhQ,BeeGeesVEVO
212,L7mfjvdnPno,Trevor Daniel - Falling (Official Music Video),UCLvAxkjgDXIrO-IDNIBgnEg,Trevor Daniel
213,pBkHHoOIIn8,Portugal. The Man - Feel It Still (Official Music Video),UC0TobZSDyMaXaoVK_9TcPHA,Portugal. The Man
214,3KL9mRus19o,"Blackstreet - No Diggity (Official Music Video) ft. Dr. Dre, Queen Pen",UCUHtgunZcEYMFaFe3F0c_Ww,BlackstreetVEVO
215,oUbpGmR1-QM,Jay Sean - Down ft. Lil Wayne (Official Music Video) ft. Lil Wayne,UCdfbxcSrqYvM5pqDmTWr1eQ,JaySeanVEVO
216,p_RqWocthcc,"Keri Hilson - Knock You Down (Official Music Video) ft. Kanye West, Ne-Yo",UCGaotBFKgoaZamPb4sbEIYg,KeriHilsonVEVO
217,Sb5aq5HcS1A,Red Hot Chili Peppers - Dani California [Official Music Video],UCEuOwB9vSL1oPKGNdONB4ig,Red Hot Chili Peppers
218,5GJWxDKyk3A,Billie Eilish - Happier Than Ever (Official Music Video),UCDGmojLIoWpXok597xYo8cg,BillieEilishVEVO
219,A7ry4cx6HfY,Avenged Sevenfold - So Far Away [Official Music Video],UCFcqi7MrlzIp9RMTtUlxE8g,Avenged Sevenfold
220,pBI3lc18k8Q,Jason Derulo - Whatcha Say [Official Music Video],UCe3yZzUwpmy2eKKmF9svX0Q,Jason Derulo
221,LfRNRymrv9k,Mariah Carey - Always Be My Baby (Official Music Video),UClS0wn3LPs9jdX_yt2g1k8w,MariahCareyVEVO
222,_r-nPqWGG6c,Don Toliver - No Idea [Official Music Video],UCgT01FILdWB9BsXBXKjpQ7A,Don Toliver
223,NUTGr5t3MoY,Green Day - Basket Case [Official Music Video] (4K Upgrade),UCqC_GY2ZiENFz2pwL0cSfAw,Green Day
224,rKFx0MMqb48,Kid Rock - Picture feat. Sheryl Crow [Official Music Video],UCjwhEPNX5rsU6gl_8qZMQZg,Kid Rock
225,etfIdtm-OC8,T.I. - About The Money ft. Young Thug (Official Music Video),UCq2QQO2WR5wz2IfLwt3SYfw,TIVEVO
226,6tpl9LtkRRw,Ne-Yo - One In A Million (Official Music Video),UCa5R55NSXiWAZWi9997XYvg,NeYoVEVO
227,t5XNWFw5HVw,Usher - Burn (Official Music Video),UCU8hEdjK8u27TM7KA8JVIEw,UsherVEVO
228,h0ffIJ7ZO4U,Dire Straits - Sultans Of Swing (Official Music Video),UCc4o6gJBS8VQto3ZR5Z_wcw,DireStraitsVEVO
229,98WtmW-lfeE,Katy Perry - Teenage Dream (Official Music Video),UC-8Q-hLdECwQmaWNwXitYDw,KatyPerryVEVO
230,dy90tA3TT1c,YOASOBI「怪物」Official Music Video　(YOASOBI - Monster),UCvpredjG93ifbCP1Y77JyFA,Ayase / YOASOBI
231,r3Pr1_v7hsw,Foreigner - I Want To Know What Love Is (Official Music Video),UCWEtnEiVwUy7mwFeshyAWLA,RHINO
232,bsUWK-fixiA,Fergie - M.I.L.F. $ (Official Music Video),UCCJ_1t1xHtks-cv1IU6EAWw,FergieVEVO
233,0xSiBpUdW4E,あいみょん - マリーゴールド【OFFICIAL MUSIC VIDEO】,UCG8MvaPCa2ecKH3GZyFxduA,あいみょん
234,RiSfTyrvJlg,Hinder - Lips Of An Angel (Official Music Video),UCVa1--ba7NG4Qa_lqfz-H6w,HinderVEVO
235,RRKJiM9Njr8,My Chemical Romance - Welcome To The Black Parade [Official Music Video] [HD],UCCZGYab5SpD0I7Z5JqJZgww,My Chemical Romance
236,v0Gu_Yh_keE,Trey Songz - Na Na [Official Music Video],UC7DpParfqYQEbFGt5eTX5pQ,Trey Songz
237,b3GyAtcoogc,Macaco - Coincidir (Official Music Video),UC14Efs7muqPD1RdyOBDq-Lw,MacacoOficialVEVO
238,zsCD5XCu6CM,Somewhere I Belong (Official Music Video) [4K UPGRADE] – Linkin Park,UCZU9T1ceaOgwfLRq7OKFU4Q,Linkin Park
239,3CxtK7-XtE0,DJ Khaled ft. Drake - POPSTAR (Official Music Video - Starring Justin Bieber),UCrFB54bqp8sda4udJyNswlA,DJKhaledVEVO
240,UE_-obgiWm0,Kodak Black - No Flockin Freestyle (Prod. by VinnyxProd) [Official Music Video],UChEYVadfkMCfrKUi6qr3I1Q,Kodak Black
241,BC19kwABFwc,Dua Lipa - Love Again (Official Music Video),UC-J-KZfRV8c13fOCkhXdLiQ,Dua Lipa
242,Qzw6A2WC5Qo,Skillet - &quot;Feel Invincible&quot; [Official Music Video],UCE8NoMFnai3tTuwdiQJ-78A,Skillet
243,kiB9qk4gnt4,Kodak Black - Super Gremlin [Official Music Video],UChEYVadfkMCfrKUi6qr3I1Q,Kodak Black
244,crtQSTYWtqE,Ayra Starr - Rush (Official Music Video),UC2IzfN6qRP4ld2H6BKB1uKg,AyraStarrVEVO
245,Jh4QFaPmdss,(여자)아이들((G)I-DLE) - &#39;TOMBOY&#39; Official Music Video,UCritGVo7pLJLUS8wEu32vow,(G)I-DLE (여자)아이들 (Official YouTube Channel)
246,DXvMT_mVbqw,K-Ci &amp; JoJo - All My Life (Official Music Video),UCeq_7xZScoqY9C2ky4TQaZA,KCiAndJoJoVEVO
247,7HDeem-JaSY,(여자)아이들((G)I-DLE) - &#39;퀸카 (Queencard)&#39; Official Music Video,UCritGVo7pLJLUS8wEu32vow,(G)I-DLE (여자)아이들 (Official YouTube Channel)
248,LPgvNlrBfb0,Cher Lloyd - Want U Back (US Version) (Official Music Video),UCR72FMPr2lMA2mZNOWXUpwg,Cherlloydvevo
249,9A4_GnALZd4,Lamis Kan - Mesaytara (Official Music Video)| لميس كان - مسيطرة #lamiskan #mesaytara #مسيطرة,UCz5O7BUQHIvEZevuCIHasfQ,Lamis Kan
250,fCO7f0SmrDc,(여자)아이들((G)I-DLE) - &#39;Nxde&#39; Official Music Video,UCritGVo7pLJLUS8wEu32vow,(G)I-DLE (여자)아이들 (Official YouTube Channel)
251,GLvohMXgcBo,Red Hot Chili Peppers - Under The Bridge [Official Music Video],UCEuOwB9vSL1oPKGNdONB4ig,Red Hot Chili Peppers
252,rCiBgLOcuKU,Cardi B - Up [Official Music Video],UCxMAbVFmxKUVGAll0WVGpFw,Cardi B
253,-OnRxfhbHB4,Francesco Gabbani - Occidentali&#39;s Karma (Official Music Video),UCb6kcwFazKZmpA_fPzLZ7sg,FrancescoGabbani
254,-BjZmE2gtdo,Taylor Swift - Lover (Official Music Video),UCANLZYMidaCbLQFWXBC95Jg,TaylorSwiftVEVO
255,Tm8LGxTLtQk,One More Light [Official Music Video] - Linkin Park,UCZU9T1ceaOgwfLRq7OKFU4Q,Linkin Park
256,5RDSkR8_AQ0,50 Cent - Ayo Technology (Official Music Video) ft. Justin Timberlake,UC0sL86jDLgs2fGRD-XBnPQA,50CentVEVO
257,DelhLppPSxY,Avenged Sevenfold - Hail To The King [Official Music Video],UCFcqi7MrlzIp9RMTtUlxE8g,Avenged Sevenfold
258,vjVkXlxsO8Q,Papercut [Official HD Music Video] - Linkin Park,UCZU9T1ceaOgwfLRq7OKFU4Q,Linkin Park
259,Wt88GMJmVk0,Eve - Let Me Blow Ya Mind (Official Music Video) ft. Gwen Stefani,UCXJYg8XEQZV6VEr55jqeg5w,EveVEVO
260,SxGLPVvNjvY,Ava Max - So Am I [Official Music Video],UCOwgc8DswjoBMuuUU2ScPvQ,Ava Max
261,zNrKoWG7Cj0,Sub Urban - Freak (feat. REI AMI) [Official Music Video],UCqAil6_A1dWHdFXzOwVLqlg,Sub Urban
262,atz_aZA3rf0,Ne-Yo - Because Of You (Official Music Video),UCa5R55NSXiWAZWi9997XYvg,NeYoVEVO
263,C5i-UnuUKUI,Juice WRLD - Wishing Well (Official Music Video),UC0BletW9phE4xHFM44q4qKA,Juice WRLD
264,Zzyfcys1aLM,The Wallflowers - One Headlight (Official Music Video),UCHZtqXzkot9AbU6jUC_iCpQ,TheWallflowersVEVO
265,VcP96KbFIIU,Ja Rule - Mesmerize ft. Ashanti (Official Music Video) ft. Ashanti,UCpUZuQ6B9_TXD2FbvFf3RCg,JaRuleVEVO
266,421w1j87fEM,Burna Boy - Last Last [Official Music Video],UCEzDdNqNkT-7rSfSGSr1hWg,Burna Boy
267,mNEUkkoUoIA,OneRepublic - I Ain’t Worried (From “Top Gun: Maverick”) [Official Music Video],UCQ5kHOKpF3-1_UCKaqXARRg,OneRepublicVEVO
268,BX0lKSa_PTk,Oliver Tree &amp; Robin Schulz - Miss You [Official Music Video],UCHcb3FQivl6xCRcHC2zjdkQ,Oliver Tree
269,h_L4Rixya64,Foo Fighters - Best Of You (Official Music Video),UCGRjJrpD2bmk9Ilq6nq80qg,foofightersVEVO
270,sAYuOc7_TKg,Ne-Yo - Mad (Official Music Video),UCa5R55NSXiWAZWi9997XYvg,NeYoVEVO
271,lZizLbWxr_E,"Spice, Sean Paul, Shaggy - Go Down Deh | Official Music Video",UCV-W40yuzTglTIBg3bEasVA,SpiceOfficialVEVO
272,QryoOF5jEbc,City Girls - Twerk ft. Cardi B (Official Music Video),UC39qIb66wPKh2L-EHjFHL1A,CityGirlsVEVO
273,90RLzVUuXe4,David Guetta &amp; Bebe Rexha - I&#39;m Good (Blue) [Official Music Video],UC1l7wYrva1qCH-wgqcHaaRg,David Guetta
274,NZp_axebSfQ,Dawin - Dessert (Official Music Video) ft. Silentó,UCklS5HHfV3qVfLgAAKJIepg,DawinVEVO
275,FCi-Xp2TVoQ,Selena - No Me Queda Mas (Official Music Video),UCIZY5N1_e4yCLN7dd_vFJTw,SelenaVEVO
276,8u-_64S7plI,Selena Gomez - Look At Her Now (Official Music Video),UCjK8ORC71kwyj1DWFwril_A,SelenaGomezVEVO
277,cB5e0zHRzHc,Usher - Love in This Club (Official Music Video) ft. Young Jeezy,UCU8hEdjK8u27TM7KA8JVIEw,UsherVEVO
278,uWRlisQu4fo,Giveon - Heartbreak Anniversary (Official Music Video),UCa3ZoB87QoSaLM0qODmrMfA,GiveonVEVO
279,eFjjO_lhf9c,Bryan Adams - Summer Of &#39;69 (Official Music Video),UC58iZEkGZi7ETeXizx_03vg,BryanAdamsVEVO
280,H1Yt0xJKDY8,Mariah Carey - Obsessed (Official Music Video),UClS0wn3LPs9jdX_yt2g1k8w,MariahCareyVEVO
281,NaFd8ucHLuo,GAYLE - abcdefu (Official Music Video),UCHD0Fx1MLWyQhAlQZw-tv9w,GAYLE
282,O2CIAKVTOrc,Lady Gaga - Hold My Hand (From “Top Gun: Maverick”) [Official Music Video],UC07Kxew-cMIaykMOkzqHtBQ,LadyGagaVEVO
283,RP0_8J7uxhs,Laura Branigan - Self Control (Official Music Video),UCWEtnEiVwUy7mwFeshyAWLA,RHINO
284,Uq9gPaIzbe8,"Sam Smith, Kim Petras - Unholy (Official Music Video)",UC3Pa0DVzVkqEN_CwsNMapqg,SamSmithVEVO
285,xjUiFeDKo_0,Lil Pump - Boss [Official Music Video],UC6pjHMC4QXMi4llCCjtDXWg,Lil Pump
286,51iquRYKPbs,The Catalyst [Official Music Video] - Linkin Park,UCZU9T1ceaOgwfLRq7OKFU4Q,Linkin Park
287,QFcv5Ma8u8k,"Eminem, Dr. Dre - Forgot About Dre (Explicit) (Official Music Video) ft. Hittman",UCx4Lxn5CzeG99X01__YsJpw,DrDreVEVO
288,WChdrGtdLUI,JayDaYoungan - 23 Island [Official Music Video],UCihfR9bbPcwuMS5Y7Uxc5dw,JayDaYoungan •
289,ZpDQJnI4OhU,"Mary J. Blige, U2 - One (Official Music Video)",UCQ-ttSCwBiGhgM5GLY1hzWA,MaryJBligeVEVO
290,y5U-I5wk1uo,BLR x POOK - Taj (Official Music Video),UCpDJl2EmP7Oh90Vylx0dZtA,Spinnin' Records
291,om3n2ni8luE,(여자)아이들((G)I-DLE) - &#39;Oh my god&#39; Official Music Video,UCritGVo7pLJLUS8wEu32vow,(G)I-DLE (여자)아이들 (Official YouTube Channel)
292,S2lgnitdPdc,Jason Derulo - Get Ugly [Official Music Video],UCe3yZzUwpmy2eKKmF9svX0Q,Jason Derulo
293,ZEWGyyLiqY4,Blake Shelton - God&#39;s Country (Official Music Video),UC9nxc-xiH1AnL9RGstfgurg,Blake Shelton
294,09LTT0xwdfw,Disturbed - Down With The Sickness (Official Music Video) [HD UPGRADE],UCveWMJeHgcIUPMnFzd7Vxjg,Disturbed
295,9Pes54J8PVw,Simply Falling - Iyeoka (Official Music Video),UCnuqkTb75K_IDD3zrDTuwSw,UndergroundSun
296,ZpUYjpKg9KY,Limp Bizkit - Break Stuff (Official Music Video),UCUPvo-jwM02Fp-vigFEiG2A,LimpBizkitVEVO
297,RKGbjJarMeA,Selena - Bidi Bidi Bom Bom (Official Music Video),UCIZY5N1_e4yCLN7dd_vFJTw,SelenaVEVO
298,PKpQRjj_WbU,Billy Currington - People Are Crazy (Official Music Video),UCCiLUbMMNNkWbdoXV699PMg,BillyCurringtonVEVO
299,8YhAFBOSk1U,Tekno - Pana (Official Music Video),UCSeXJTBFHMq_QkNjJVCB7Ig,TeknoMilesVEVO
300,mzX0rhF8buo,Avenged Sevenfold - Dear God [Official Music Video],UCFcqi7MrlzIp9RMTtUlxE8g,Avenged Sevenfold
301,jKIEUdAMtrQ,Faouzia &amp; John Legend - Minefields (Official Music Video),UCLwbyg15zJgjtNL0EErkOPA,Faouzia
302,UCCyoocDxBA,My Chemical Romance - Helena [Official Music Video],UCCZGYab5SpD0I7Z5JqJZgww,My Chemical Romance
303,fZMRc-UyPm0,Jason Derulo x Nuka - Love Not War [Official Music Video],UCe3yZzUwpmy2eKKmF9svX0Q,Jason Derulo
304,BTivsHlVcGU,"DJ Khaled - EVERY CHANCE I GET (Official Music Video) ft. Lil Baby, Lil Durk",UCrFB54bqp8sda4udJyNswlA,DJKhaledVEVO
305,5dmQ3QWpy1Q,Heavy [Official Music Video] - Linkin Park (feat. Kiiara),UCZU9T1ceaOgwfLRq7OKFU4Q,Linkin Park
306,MoN9ql6Yymw,David Kushner - Daylight (Official Music Video),UCa4a-hXHI8bitNXnvyZNzEQ,DavidKushnerVEVO
307,nADTbWQof7Y,Josh Turner - Your Man (Official Music Video),UCT64FdgoiuM8mi7LNDmeeaA,JoshTurnerVEVO
308,co4YpHTqmfQ,LOST IN THE ECHO [Official Music Video] - Linkin Park,UCZU9T1ceaOgwfLRq7OKFU4Q,Linkin Park
309,zwa7NzNBQig,"GloRilla, Cardi B - Tomorrow 2 (Official Music Video)",UCmlkznD61Olu82oYGFr8gxg,GloRillaVEVO
310,UhurAzTl5gs,Anitta - Medicina [Official Music Video],UCqjjyPUghDSSKFBABM_CXMw,Anitta
311,GuGYYdwcPYw,EMIWAY - COMPANY (OFFICIAL MUSIC VIDEO),UCHmk8iNJHvf5mGN6_pkPc7g,Emiway Bantai
312,oxqnFJ3lp5k,Train - Drive By (Official Music Video),UC5e_2fVZJ2heCb799A04AtA,TrainVEVO
313,SQCSxqScSVQ,Coolio - Gangsta&#39;s Paradise (Official Music Video) [HD] ft. L.V.,UCHW0_ZbktdXcAIBm812yFOg,CoolioVEVO
314,GeZZr_p6vB8,Nelly - Hot In Herre (Official Music Video),UCzQNgpWWPLuoAC6zA3VejzA,NellyVEVO
315,GG7fLOmlhYg,"Bruno Mars, Anderson .Paak, Silk Sonic - Smokin Out The Window [Official Music Video]",UCoUM-UJ7rirJYP8CQ0EIaHA,Bruno Mars
316,b1kbLwvqugk,Taylor Swift - Anti-Hero (Official Music Video),UCANLZYMidaCbLQFWXBC95Jg,TaylorSwiftVEVO
317,qp1Pq2Fuw30,Ro James - Permission (Official Music Video),UCoH88EIxPk13VGYAfigAlaQ,RoJamesVEVO
318,TGwZ7MNtBFU,Gwen Stefani - Cool (Official Music Video),UCkEAAkbmhYVnJVSxvp-AfWg,GwenStefaniVEVO
319,pSY3i5XHHXo,Central Cee x Dave - Sprinter [Music Video],UCV_CsAy5CNBX_uwDQ7RMe1Q,Central Cee
320,RIZdjT1472Y,The Killers - Human (Official Music Video),UCjB3CzA-MwHrDzuXGweNiMg,TheKillersVEVO
321,hmUyEDG7Jy0,Marshmello x Jonas Brothers - Leave Before You Love Me (Official Music Video),UCPW4ObAtDezrOGo2gjYOctg,MarshmelloVEVO
322,BSzSn-PRdtI,Maroon 5 - Beautiful Mistakes ft. Megan Thee Stallion (Official Music Video),UCN1hnUccO4FD5WfM7ithXaw,Maroon5VEVO
323,NlwIDxCjL-8,Sting - Shape of My Heart (Official Music Video),UC9B6c09n61wgu5w6bh1v68Q,StingVEVO
324,-8VfKZCOo_I,Camila Cabello - Bam Bam (Official Music Video) ft. Ed Sheeran,UCk0wwaFCIkxwSfi6gpRqQUw,CamilaCabelloVEVO
325,KK3tIclJ140,juan karlos - Buwan (Official Music Video),UCy0REagpY7lYXOThlmCQJjg,JuanKarlosLabajoVEVO
326,PEM0Vs8jf1w,JVKE - golden hour (official music video),UCSOfUqPoqpp5aWDDnAyv94g,JVKE
327,cRi-x2r88no,Jamie Miller - Here&#39;s Your Perfect (Official Music Video),UCilqV3GecszUjixKZWsuZ-w,Jamie Miller
328,CVvJp3d8xGQ,ZHU - Faded (Official Music Video),UCpDJl2EmP7Oh90Vylx0dZtA,Spinnin' Records
329,4D89Qr5vH6U,Toosii - Favorite Song (Official Video),UCgBYYDPuLTMRrnPtBiqWJSQ,Toosii2xVEVO
330,89S-RbszwJE,Ava Max - Who&#39;s Laughing Now [Official Music Video],UCOwgc8DswjoBMuuUU2ScPvQ,Ava Max
331,8ui9umU0C2g,Manchester Orchestra - The Silence (Official Music Video),UC6dVU35ESCJnLE3ojC7ZaQQ,manchesterorchVEVO
332,wZTIdnooV-s,Sub Urban - UH OH! (feat. BENEE) [Official Music Video],UCqAil6_A1dWHdFXzOwVLqlg,Sub Urban
333,6p-lDYPR2P8,Madonna - Material Girl (Official Video) [HD],UC81VD6eeuLLSfyY_D-N8sVw,Madonna
334,pyi0ZfuIIvo,My Chemical Romance - I Don&#39;t Love You [Official Music Video] [HD],UCCZGYab5SpD0I7Z5JqJZgww,My Chemical Romance
335,KewfYKJy8YU,Shakira - Loca ft. Dizzee Rascal,UCGnjeahCJW1AF34HBmQTJ-Q,shakiraVEVO
336,C_XkTKoDI18,Yemi Alade - Johnny (Official Music Video),UC1NlvNg7p6m1kFuudR2UZ0w,YemiAladeVEVO
337,WFsAon_TWPQ,Charlie Puth - Light Switch [Official Music Video],UCwppdrjsBPAZg5_cUwQjfMQ,Charlie Puth
338,1_4ELAxKrDc,Tiësto &amp; Ava Max - The Motto (Official Music Video),UCPk3RMMXAfLhMJPFpQhye9g,Tiësto
339,w8mBplMtwJ8,Ava Max - My Head &amp; My Heart [Official Music Video],UCOwgc8DswjoBMuuUU2ScPvQ,Ava Max
340,Wh66ThpxvI4,MAHALINI - SISA RASA (OFFICIAL MUSIC VIDEO),UCYJo04cZFlwL3XNnJ8aYtTw,HITS Records
341,gPCCYMeXin0,Meghan Trainor - Made You Look (Official Music Video),UCf3cbfAXgPFL6OywH7JwOzA,MeghanTrainorVEVO
342,M7xQEdKHtv0,DJ Snake - Disco Maghreb (Official Music Video),UCGkSXL5saM8y3VvJD_PdMFQ,DJSnakeVEVO
343,9PBZy9j3H3I,Keyshia Cole - Love (Alt. Version) (Official Music Video),UCxjvtxKp91aHPy7jU9EPI9g,KeyshiaColeVEVO
344,UyG1FG3H6rY,Jason Derulo - In My Head [Official Music Video],UCe3yZzUwpmy2eKKmF9svX0Q,Jason Derulo
345,5k6IkftDRwE,FABIO ASHER - RUMAH SINGGAH (OFFICIAL MUSIC VIDEO),UCNG1v1YvTVKjUJk3VSdZiiA,Fabio Asher
346,XNwwZ56xz8A,Wale - Matrimony feat. Usher [Official Music Video],UCN5dSZVxZtDULZ-ogtbEh4Q,Wale
347,x5c2iRHlAHA,Saweetie - My Type [Official Music Video],UC2FCUwThC0RAzaQoI0TtpLA,Official Saweetie
348,OiC1rgCPmUQ,Dua Lipa - Dance The Night (From Barbie The Album) [Official Music Video],UC-J-KZfRV8c13fOCkhXdLiQ,Dua Lipa
349,8bbTtPL1jRs,My Chemical Romance - Famous Last Words [Official Music Video] [HD],UCCZGYab5SpD0I7Z5JqJZgww,My Chemical Romance
350,roPQ_M3yJTA,Nelly Furtado - I&#39;m Like A Bird (Official Music Video),UCrSczPA0uxFM-PgWOeDX-ew,NellyFurtadoVEVO
351,Y2NkuFIlLEo,Imagine Dragons - Wrecked (Official Music Video),UCpx_k19S2vUutWUUM9qmXEg,ImagineDragonsVEVO
352,SdMW1Ya0nHM,Young Dolph - Major (Official Music Video) ft. Key Glock,UCgcRU8TrT4cQpA6m5c6w_CQ,YoungDolphVEVO
353,UhbixyxgsiU,Lil Uzi Vert - Just Wanna Rock [Official Music Video],UCqwxMqUcL-XC3D9-fTP93Mg,LIL UZI VERT
354,z_aC5xPQ2f4,Ne-Yo - Closer (Official Music Video),UCa5R55NSXiWAZWi9997XYvg,NeYoVEVO
355,EDZ25anwgjc,Burna Boy - For My Hand feat. Ed Sheeran [Official Music Video],UCEzDdNqNkT-7rSfSGSr1hWg,Burna Boy
356,RsEZmictANA,Taylor Swift - willow (Official Music Video),UCANLZYMidaCbLQFWXBC95Jg,TaylorSwiftVEVO
357,8nW-IPrzM1g,Disturbed - The Vengeful One (Official Music Video) [4K UPGRADE],UCveWMJeHgcIUPMnFzd7Vxjg,Disturbed
358,Dll6VJ2C7wo,"RAYE, 070 Shake - Escapism. (Official Music Video)",UC1aQVIVnCGa4hDJtvNxf11g,RayeVEVO
359,CUj2AWEJnwQ,Nicki Minaj &amp; Ice Spice – Barbie World (with Aqua) [Official Music Video],UC3jOd7GUMhpgJRBhiLzuLsg,Nicki Minaj
360,AEYN5w4T_aM,Sublime - Santeria (Official Music Video),UC-PVsWUQwwBSBYGDBYiyJ0g,SublimeVEVO
361,8n5dJwWXrbo,IShowSpeed - World Cup (Official Music Video),UCWsDFcIhY2DBi3GB5uykGXA,IShowSpeed
362,MxjrsDV8Aeo,CKay - Love Nwantiti (ft. ElGrandeToto) [North African Remix] [Official Music Video],UC7l7-ClAn4QZlA_Qq5sTIdw,CKay
363,BboMpayJomw,Billie Eilish - No Time To Die (Official Music Video),UCDGmojLIoWpXok597xYo8cg,BillieEilishVEVO
364,UEcAPvoSe_8,Joeboy - Sip (Alcohol) [Official Music Video],UCv3EFZRGITcQwdyCE_ap0UA,Joeboy
365,pD8mxge6kek,Usher - Hey Daddy (Daddy&#39;s Home) (Official Music Video),UCU8hEdjK8u27TM7KA8JVIEw,UsherVEVO
366,4FP8yh_ZVO0,Nastya and Young Dylan - My birthday Has Come (official music video),UCJplp5SjeGSdVdwsfb9Q7lQ,Like Nastya
367,aSkFygPCTwE,Kid Rock - All Summer Long [Official Music Video],UCjwhEPNX5rsU6gl_8qZMQZg,Kid Rock
368,s0-f5RncxcA,Jason Derulo - Take You Dancing [Official Music Video],UCe3yZzUwpmy2eKKmF9svX0Q,Jason Derulo
369,lXYq9ImJIN8,PARTYNEXTDOOR - Break From Toronto [Official Music Video],UCz9f4llEeQyb5F2_p9CirYw,PARTYNEXTDOOR
370,Te3_VlimRw0,Imagine Dragons - Sharks (Official Music Video),UCpx_k19S2vUutWUUM9qmXEg,ImagineDragonsVEVO
371,6NsiA6GFAbU,Anggi Marito - Tak Segampang Itu (Official Music Video),UC1NJmZyGhiRmVHU5IF3dy0Q,AnggiMaritoVEVO
372,MS82JAkBkDY,Morgan Wallen - More Than My Hometown (Official Music Video),UCiQtJ9wVv8R-x7GKHzgZu8A,MorganWallenVEVO
373,gR5I408_tCc,Armada - Awas Jatuh Cinta (Official Music Video),UCbXx2xMwbzgMBOB24N4N1wg,Armada
374,04UjShXZbD0,Melanie Martinez - Mad Hatter (Official Music Video),UC2YnEq5Fc5_zEO6bo0oNzCQ,melanie martinez
375,AX6OrbgS8lI,AUR - TU HAI KAHAN - Raffey - Usama - Ahad (Official Music Video),UCrHQf1k-GtPByMHRsJjxO5g,AUR
376,G5xSLbYMr-I,"Nicky Youre, dazy - Sunroof (Official Music Video)",UChofQzs5eedlpnVIbAhxNJw,Nicky Youre
377,sCyCQ8KLIM0,6ix9ine - Pa Ti (feat. Yailin La Más Viral) (Official Music Video),UCF6jRAgCbSanHolKt0Vt6Qw,Tekashi 6ix9ine
378,2CNl_CCtE-I,Lil Durk - Broadway Girls feat. Morgan Wallen - (Official Music Video),UCaxOQZrF5llUMp-JjesUz1A,Lil Durk
379,ZAp3xJ7GsY8,"Obsessed - Riar Saab, @AbhijaySharma | Official Music Video",UCCBbpiKrOmVPsXeItxal6nw,Riar Saab
380,rzRqEWJYwX4,Ice Cube - You Know How We Do It (Official Music Video),UCcFrOIMXUrmX4hxgVSLrAiQ,IceCubeVEVO
381,2TDN50OzZNk,FLOW G - RAPSTAR (Official Music Video),UCB4_jJ-MAwBHBGfc-pLJbow,FLOW G
382,ql9-82oV2JE,"The Offspring - You&#39;re Gonna Go Far, Kid (Official Music Video)",UCF3EnnuLjeab3r8l1k2rV9g,OffspringVEVO
383,X3Ai6osw3Mk,Omah Lay - Understand (Official Music Video),UCSUVM9Ygr6AI5Eje5BnFhtw,Omah Lay
384,wBmWvvTV0P4,Ava Max - Torn [Official Music Video],UCOwgc8DswjoBMuuUU2ScPvQ,Ava Max
385,TlJ33-6tPTE,Teknomiles - Duro (Official Music Video),UCSeXJTBFHMq_QkNjJVCB7Ig,TeknoMilesVEVO
386,yQBImEeXNZ4,Jack Harlow - First Class [Official Music Video],UC6vZl7Qj7JglLDmN_7Or-ZQ,Jack Harlow
387,oaFj0lRi3gw,Lyodra - Pesan Terakhir (Official Music Video),UCaAE5pyrskvGdHmypXxqncA,LyodraVEVO
388,k6eE3c70hgg,Omah Lay -  soso (Official Music Video),UCSUVM9Ygr6AI5Eje5BnFhtw,Omah Lay
389,AqG0GF_LA0Q,KAROL G - WATATI (feat. Aldo Ranks) (From Barbie The Album) [Official Music Video],UCZuPJZ2kGFdlbQu1qotZaHw,KAROL G
390,DqUd72pK15Y,Omah Lay - Godly [Official Music Video],UCSUVM9Ygr6AI5Eje5BnFhtw,Omah Lay
391,I1nX5EuvwzE,Shubh - Elevated (Official Music Video),UCtGbExCzlwmsyWKpxLnyEww,SHUBH
392,LolUVl3nSu4,Xefer x Muza - Jhumka (Official Music Video),UCEwH-ErncGx-fCP6xlNOQHA,MUZA
393,o0Pt7M0weUI,The Revivalists - Wish I Knew You (Official Music Video),UCjW4sUFH3V8nm87Ly_mLVRQ,TherevivalistsVEVO
394,XQzHF8DGYp8,AWDELLA - TERTAWAN HATI (OFFICIAL MUSIC VIDEO),UCYJo04cZFlwL3XNnJ8aYtTw,HITS Records
395,sY6X1wvhgnE,Kevin Gates - Power [Official Music Video],UCj2GTFekdV3EUsTVN8oaEqA,kevingatesTV
396,8dgEh5crj0I,MAHALINI - KISAH SEMPURNA (OFFICIAL MUSIC VIDEO),UCYJo04cZFlwL3XNnJ8aYtTw,HITS Records
397,3eytpBOkOFA,YOASOBI「祝福」Official Music Video (『機動戦士ガンダム 水星の魔女』オープニングテーマ),UCvpredjG93ifbCP1Y77JyFA,Ayase / YOASOBI
398,_LypjOTTH6E,Disturbed - The Light [Official Music Video],UCveWMJeHgcIUPMnFzd7Vxjg,Disturbed
399,uPD0QOGTmMI,The Weeknd - Die For You (Official Music Video),UCF_fDSgPpBQuh1MsUTgIARQ,TheWeekndVEVO
400,n4Z1cpdkgQU,Jelly Roll - Son Of A Sinner (Official Music Video),UCtyzzW6rIQiGP7gfGTXkhDw,Jelly Roll
401,Ip6cw8gfHHI,d4vd - Here With Me [Official Music Video],UCSQ-IY_3aVGlPQp_QJl3-Yg,d4vdVEVO
402,Ypr5QN7Xn_M,CKay - Emiliana [Official Music Video],UC7l7-ClAn4QZlA_Qq5sTIdw,CKay
403,Vzkr-G1QEh8,Finesse2Tymes - Back End [Official Music Video],UCWot_hGZs3ovEEzAKu_EzLw,Finesse2tymes
404,QSWYyoF79oE,MAHALINI - SIAL (OFFICIAL MUSIC VIDEO),UCYJo04cZFlwL3XNnJ8aYtTw,HITS Records
405,CNbmVEEW-mA,NOAH - Yang Terdalam (Official Music Video),UCXWOf2fdWef8tbv1X27JHzw,NOAH OFFICIAL
406,HNBCVM4KbUM,Bob Marley &amp; The Wailers - Three Little Birds (Official Music Video),UCNxaJaK7Ke43sBi19Hjj7mw,BobMarleyVEVO
407,kudi8OtMu9s,Bryce Vine - Drew Barrymore [Official Music Video],UCHQE-c1JX7Io3zcXgXBQKlw,Bryce Vine
408,k5ZtZEtDEGo,Dax - &quot;Dear Alcohol&quot; (Official Music Video),UCvvVOIyaYu2l4jiH9L8_eRw,Dax
409,RlPNh_PBZb4,Olivia Rodrigo - vampire (Official Video),UCxE5jEls-T0QtlTHT8lI1lw,OliviaRodrigoVEVO
410,xwe8F_AhLY0,Mason Ramsey - Twang [Official Music Video],UCQxyZPb2MlofSRStZw_rNPQ,Mason Ramsey
411,rP09GUQFDFk,"Future - WAIT FOR U (Official Music Video) ft. Drake, Tems",UCFNosi99Sp0_eLilBiXmmXA,FutureVEVO
412,kOL7aeIDruA,Nelly Furtado - Turn Off The Light (Official Music Video),UCrSczPA0uxFM-PgWOeDX-ew,NellyFurtadoVEVO
413,P5ktQh3sWZk,Ben&amp;Ben - Pagtingin | Official Music Video,UCD2HT__OY6xzj-YbnAXJhfA,Ben&Ben
414,i-qT5n_5Mys,Jaymes Young - Happiest Year [Official Music Video],UCjjKiLxvwShZjzhH-RiI6DA,Jaymes Young
415,AIOAlaACuv4,Tracy Chapman - Fast Car (Official Music Video),UC-rX_f6vueiRY0E75gBNQ0g,Tracy Chapman
416,ujnqNTQRw6k,Blaiz Fayah &amp; Tribal Kush - Bad (Official Music Video),UCh7p69Sj2hHLU9yavME3ytA,Basshall Movement
417,t9VWICGOD90,GHEA INDRAWARI - JIWA YANG BERSEDIH (OFFICIAL MUSIC VIDEO),UCYJo04cZFlwL3XNnJ8aYtTw,HITS Records
418,_WCD3Z9UmJ4,Metro Boomin &amp; Future - Superhero (Heroes &amp; Villains) [Official Music Video],UCDjTW0_B3701WSfxYnDIFSg,MetroBoominVEVO
419,m6urbZyHgO4,Usher - There Goes My Baby (Official Music Video),UCU8hEdjK8u27TM7KA8JVIEw,UsherVEVO
420,x-skFgrV59A,Lonestar - Amazed (Official Music Video),UCusSU18LkGMdGDxu2B9FF3w,LonestarVEVO
421,ZLLcxNiQ9Yg,6ix9ine - Bori feat. Lenier (Official Music Video),UCF6jRAgCbSanHolKt0Vt6Qw,Tekashi 6ix9ine
422,yIXXu_Rahoo,Alkaline - Fleek (Official Music Video),UChKGMC6dXos_9Bry2e8iSdw,AlkalineVEVO
423,gFp7q-IJqno,Kings Of Leon - Pyro (Official Music Video),UC09rjW-THj6e3WgMKSc5Bvg,kingsofleonVEVO
424,YsMB0i5YTOc,HARDY - wait in the truck (feat. Lainey Wilson) (Official Music Video),UCq74IOsZ_e2IWxSyhpQbf5Q,HARDYVEVO
425,v2LixP7n_hM,Cody Johnson - &#39;Til You Can&#39;t (Official Music Video),UCSiayyh9OxKEOgyZwIdZlfw,Cody Johnson
426,svebHG7qEXc,Abra ft. Chito Miranda - Diwata (Official Music Video),UCONOxsM9jr7-0lqbpgnOOGA,Abra
427,b7QlX3yR2xs,Taylor Swift - Bejeweled (Official Music Video),UCANLZYMidaCbLQFWXBC95Jg,TaylorSwiftVEVO
428,TFHCew8DnC0,Madison Beer - Reckless (Official Music Video),UCniqtXw3nZho_0HEO5IBqvg,MadisonBeerMusicVEVO
429,x8Mc8Pbl06g,Luke Combs - The Kind of Love We Make (Official Music Video),UCwLK17rpMFUfktQEcMzSyWg,LukeCombsVEVO
430,Svz5F8J1Ap0,MAHALINI - MELAWAN RESTU (OFFICIAL MUSIC VIDEO),UCYJo04cZFlwL3XNnJ8aYtTw,HITS Records
431,Tj0rO7P6TH0,Fat Joe - Another Round  ft. Chris Brown (Official Music Video),UCRGfhmYGDuprNIjtZjrLhNQ,FatJoeVEVO
432,I4Ra4z2Arqg,D-Block Europe - Overseas ft. @CentralCee (Official Music Video),UCzyLniLK2YQ5xCJigB2WetA,D Block Europe TV
433,VH3f0ellNv8,Travis Greene - Intentional (Official Music Video),UC6NY4jdzOhC2Z4uaMRnlWMQ,TGreeneVEVO
434,1A0MPWseJIE,Chicago - Hard To Say I&#39;m Sorry (Official Music Video),UCWEtnEiVwUy7mwFeshyAWLA,RHINO
435,E5RDEXpc8OY,Brothers Osborne - It Ain’t My Fault (Official Music Video),UCzJ29dH-B0jnME4qE6JbLpw,BrothersOsborneVEVO
436,bHvkNPP8P3o,Virgoun - Saat Kau Telah Mengerti (Official Music Video),UCLZDxzPCTxEXgWI5k8QWlvw,Virgoun
437,0mCVpUDCkEk,Shubh - Still Rollin (Official Music Video),UCtGbExCzlwmsyWKpxLnyEww,SHUBH
438,nQcB-YQLWcw,Amli Anthem (Official Music Video) - RAKA,UCAz2ijzsxwsJcaDHUS2K7zg,RAKA
439,dNt1QR1ecuM,Rema - Charm (Official Music Video),UCHGF6zfD2gwLuke95X3CKFQ,Rema
440,acYUqMd9k2I,21 Savage &amp; Metro Boomin - Glock In My Lap (Official Music Video),UCOjEHmBKwdS7joWpW0VrXkg,21 Savage
441,XVhEm62Uqog,Ben&amp;Ben - Ben&amp;Ben - Araw-Araw | Official Music Video,UCldWqVqj0SozwVmVhV9LVmQ,BenandBenVEVO
442,LD5LxJdCiRk,Byron Messia - Talibans (Official Music Video),UCBhhm1Cv8dygGDOoWrH6kdA,Byron Messia TV
443,PVIvHCX35hU,Tiara Andini - Janji Setia (Official Music Video),UCl8TJXcR80R9ctpN0aX91bw,TiaraAndiniVEVO
444,UNj05HL0UPw,Rubi Rose - I Like (Official Music Video),UC3uClarxob3TNalNCqMg5jg,Rubi Rose
445,Y19q-7VN2WI,J.I.D - Surround Sound (feat. 21 Savage &amp; Baby Tate) [Official Music Video],UCqTVLEx7lQPmYzc_m6T4sug,JIDVEVO
446,fHOfr-cHNCI,Ella Mai - DFMU (Official Music Video),UCdVlI3zsHhvKKH4OEQVHyHA,EllaMaiVEVO
447,K0HSD_i2DvA,Daft Punk - Around The World (Official Music Video Remastered),UC_kRDKYrUlrbtrSiyu5Tflg,Daft Punk
448,tqCLIM_NOcs,Minelli - MMM | Official Music Video,UCsWV6xMRN2Xx9LL3S4MRbEw,Minelli
449,l446hUqQ7GY,ATARASHII GAKKO! - オトナブルー (Official Music Video),UCp0iCvHGMwyfPHpYq7n2sPw,ATARASHII GAKKO! - 新しい学校のリーダーズ
450,K0HSD_i2DvA,Daft Punk - Around The World (Official Music Video Remastered),UC_kRDKYrUlrbtrSiyu5Tflg,Daft Punk
451,tqCLIM_NOcs,Minelli - MMM | Official Music Video,UCsWV6xMRN2Xx9LL3S4MRbEw,Minelli
452,l446hUqQ7GY,ATARASHII GAKKO! - オトナブルー (Official Music Video),UCp0iCvHGMwyfPHpYq7n2sPw,ATARASHII GAKKO! - 新しい学校のリーダーズ
453,L7spCJxloLY,XG - SHOOTING STAR (Official Music Video),UC12HMtO5MYph9dCZZ7yygng,XG
454,37wV6D49iEY,"Zach Williams, Dolly Parton - There Was Jesus (Official Music Video)",UCOIhK9l3S232zaSWmJBWEiQ,zachwilliamsVEVO
455,h8DLofLM7No,Taylor Swift - Lavender Haze (Official Music Video),UCANLZYMidaCbLQFWXBC95Jg,TaylorSwiftVEVO
456,rNReepITjN0,Lainey Wilson - Heart Like A Truck (Official Music Video),UCZkeQWzPCGeH707eRS6K6Hg,Lainey Wilson
457,83ntBBDC8Xs,Tiara Andini - Usai (Official Music Video),UCl8TJXcR80R9ctpN0aX91bw,TiaraAndiniVEVO
458,ziotSaBtqGk,Melanie Martinez - The Bakery [Official Music Video],UC2YnEq5Fc5_zEO6bo0oNzCQ,melanie martinez
459,FUS5p6X7fxo,NLE Choppa - Narrow Road feat. Lil Baby [Official Music Video],UCWICXNlSLc7eeNazpzUZcLg,NLE CHOPPA
460,weG-sqHHCB8,MAHALINI - BOHONGI HATI (OFFICIAL MUSIC VIDEO),UCYJo04cZFlwL3XNnJ8aYtTw,HITS Records
461,bTFoZBIIu4E,Jack | LAYLALAY | Official Music Video,UChUJa1JyBc7Lc4orkiNKKQg,J97
462,HyhLsy6b0XI,Nadin Amizah - Bertaut (Official Music Video),UCrorPql9QrqeSBNFNckfEcw,Nadin Amizah
463,8560CAdA0Ys,Burna Boy - Common Person [Official Music Video],UCEzDdNqNkT-7rSfSGSr1hWg,Burna Boy
464,jrL_LzX5wv4,House of Pain - Jump Around (Official Music Video) [HD],UCylIel2dzLvRXkUYFFqPGFA,HouseofPainVEVO
465,XzOvgu3GPwY,Taylor Swift ft. Ice Spice - Karma (Official Music Video),UCANLZYMidaCbLQFWXBC95Jg,TaylorSwiftVEVO
466,EXIWlRrkjKE,Tiësto - 10:35 (feat. Tate McRae) (Official Music Video),UCPk3RMMXAfLhMJPFpQhye9g,Tiësto
467,7x5lqqji9ww,"Purple Disco Machine, Kungs - Substitution (Official Music Video) ft. Julian Perretta",UCa9NMkpT8HguHvDiSSDfi9g,pdmVEVO
468,EfWmWlW2PvM,Tiësto - Lay Low (Official Music Video),UCPk3RMMXAfLhMJPFpQhye9g,Tiësto
469,wHr45iW1AC8,Seventeen - Menemukanmu (Official Music Video),UC-_27bO3xlwJrnq5TvRnd6Q,GP Records
470,GGOyFnrZRt0,Jack Harlow - Churchill Downs feat. Drake [Official Music Video],UC6vZl7Qj7JglLDmN_7Or-ZQ,Jack Harlow
471,_1UlylSfSTk,GuyonWaton x Denny Caknan - SANES (Official Music Video),UCxb2XwbJ0W5NUecmJIEHNxg,GUYONWATON OFFICIAL
472,Qp6Qn8IwPf8,The Offspring - Original Prankster (Official Music Video),UCF3EnnuLjeab3r8l1k2rV9g,OffspringVEVO
473,T6YVgEpRU6Q,XG - LEFT RIGHT (Official Music Video),UC12HMtO5MYph9dCZZ7yygng,XG
474,tu4HfcmMn1E,Alan Walker &amp; Sasha Alex Sloan - Hero (Official Music Video),UCJrOtniJ0-NWz37R30urifQ,Alan Walker
475,WPpDyIJdasg,Deftones - Change (In The House Of Flies) [Official Music Video],UCQDsiRE--IQe5ycCLeetIxQ,Deftones
476,1ti2YCFgCoI,Bob Marley &amp; The Wailers - Could You Be Loved (Official Music Video),UCNxaJaK7Ke43sBi19Hjj7mw,BobMarleyVEVO
477,P1nRboaLTzU,Jelly Roll - &quot;NEED A FAVOR&quot; (Official Music Video),UCtyzzW6rIQiGP7gfGTXkhDw,Jelly Roll
478,DhzDmhytrTI,Zack Tabudlo - Binibini (Official Music Video),UC3FXJBrfED9rOwn55hbbKXA,ZackTabudloVEVO
479,jlfMHjylvGA,Idgitaf - Satu-Satu (Official Music Video),UCZThiAjiYZOiLqffYq0CaMA,Idgitaf
480,LRwE4jZmBy0,Aan Story feat. Elsya - TRAUMA (Official Music Video),UC54qHKaZVgD6zOjajzJ2pKg,Kece TV
481,FW5o2uBeMWQ,Anne Wilson - My Jesus (Official Music Video),UCZRGRRNaFd2FKLCR8eWTTew,AnneWilsonVEVO
482,25Cs__vdmII,Moira Dela Torre - Paubaya | Official Music Video | feat. Joshua Garcia &amp; Julia Barretto,UCnOafy_XCtpz_EpLqVkgunQ,Moira Dela Torre
483,U1vGosMScjM,Oliver Tree - Cash Machine [Official Music Video],UCHcb3FQivl6xCRcHC2zjdkQ,Oliver Tree
484,WRA6gwMAMPY,"12 Ladke - Tony Kakkar, Neha Kakkar | Official Music Video WhatsApp Status #shorts",UCZwriQsLbeeYaThKkJH0AIw,I'm Singhsta 
485,6f3RzjXPQwA,(여자)아이들((G)I-DLE) - &#39;Super Lady&#39; Official Music Video,UCritGVo7pLJLUS8wEu32vow,(G)I-DLE (여자)아이들 (Official YouTube Channel)
486,eB6txyhHFG4,"Ariana Grande - yes, and? (official music video)",UC0VOyT2OCBKdQhF3BAbZ-1g,ArianaGrandeVevo
487,YVLHaqeJzEk,Lloyd - You (Official Music Video) ft. Lil Wayne,UCYvy_rZWF3udXeDHy3PBdtw,LloydVEVO
488,T_lC2O1oIew,竹内まりや -  Plastic Love (Official Music Video),UCFCHKsT1ZY2aLUAbWW1lJGA,竹内まりや
489,-AgYGrXxEIg,Justine Skye ft Tyga - Collide (Official Music Video),UCmbzA2bP0GqrqekDDkRg-DQ,Justine Skye
490,_eQd3K2Fxp4,Casting Crowns - Only Jesus (Official Music Video),UCyR_nbNgi7Eypqb2rGDjJWQ,CastingCrownsVEVO
491,dMoFcvfd5t4,The Weeknd ft. Future - Double Fantasy (Official Music Video),UCF_fDSgPpBQuh1MsUTgIARQ,TheWeekndVEVO
492,uc63QU-k1yA,HAPPY ASMARA - KEMBANG WANGI (Official Music Video),UCqcH6VSGv95siQHyKhyqVhQ,Happy Asmara Music
493,7qaf-39ghJw,FABIO ASHER - TANPA RASA BERSALAH (OFFICIAL MUSIC VIDEO),UCNG1v1YvTVKjUJk3VSdZiiA,Fabio Asher
494,KiuZj8MH4XA,Shanti Dope - Tricks (Official Music Video),UC_916zXkHew_kwh_pZv8B4w,Universal Records Philippines
495,tqHSNWsp2bA,BATUGAN - FLOW G (OFFICIAL MUSIC VIDEO),UCB4_jJ-MAwBHBGfc-pLJbow,FLOW G
496,ieumolVsiWI,LITTLE BIG - PENDEJO (Official Music Video),UCu7TZ_ATWgjgD9IrNLdnYDA,Little Big
497,1Ny9z6cHTZc,Rossa - Pudar | Official Music Video,UCebb7o98FEA73WjNsCja5Xg,Trinity Optima Production
498,WrMGGouem3c,Elvis Presley - Suspicious Minds (Official Music Video),UCSEmH1YyFWltSBYkfLMtkcg,ElvisPresleyVEVO
499,CN-Ja6jCweA,Mrs. GREEN APPLE「Magic」Official Music Video,UCpFgmZm65yOU5X-hmWkWjuw,Mrs. GREEN APPLE
500,WrMGGouem3c,Elvis Presley - Suspicious Minds (Official Music Video),UCSEmH1YyFWltSBYkfLMtkcg,ElvisPresleyVEVO
501,EogLK35Dsek,Calm down (Official music video) 🔥 - Rema x Selena Gomez,UCDOEzkH_Qt7ZKTXIIPfnAfw,Media Trends Africa
502,WZmXhqrjTCY,Maan Meri Jaan | Official Music Video | Champagne Talk | Kingl,UCYMuC9sJ1EU3X6PmBNr-8PA,Vai Brother's L.T.D
503,C6Hn22JVCSs,Tyga - Sensei (Official Video),UChXnu0HBydqedqhnClp0rJg,TygaVEVO
504,lPUNAkh9ZWs,Ammy Virk: Happiness (Official Music Video) | Ronny | Gill Machhrai | Harry Singh | Preet Singh,UCmSHlTXTeRBhkAKQTC7wPXA,Ammy Virk
505,qq017C-ljbM,6ix9ine - Dueño (feat. Lenier) (Official Music Video),UCj6VcdydCCSqwCsp8I-zLBA,AYO NEO 6ix9ine
506,UKpz-I9EV84,Tyla - Truth or Dare (Official Music Video),UCr2xjaS7CIx1OY7hYwrXb8A,TylaVEVO
507,imgCvGher6Q,By Birth (Official Music Video) – Amrit Maan | Desi Crew | Elite Ep | Latest Punjabi Songs 2024 |,UC2Z2M3HR-yAbUpAdyXEGBOQ,Bamb Beats
508,h5v8drqsQ0Y,Piyath Rajapakse - Bandimu Suda (බඳිමු සුදා) | Official Music Video,UC_Gm7qCTZGk1ZIU-VSjFSow,Piyath Rajapakse
509,vC52e4yloms,Jennifer Lopez - Can&#39;t Get Enough (feat. Latto) [Official Music Video],UCr8RjWUQ_9KYcIPmWiqBroQ,Jennifer Lopez
510,FauDn2LkeQ4,Don Toliver - Bandit [Official Music Video],UCgT01FILdWB9BsXBXKjpQ7A,Don Toliver
511,Oio_zNm9rxM,Nandy feat Alikiba - Dah! (Official Music Video),UCKzR_v8dQlyrZ_zRMcFsQBA,Nandy - The African Princess
512,YlC4YpcL2Gc,#大人ブルー (Official Music Video)公開中🎉 #shorts #新しい学校のリーダーズ #ATARASHIIGAKKO #オトナブルー #OTONABLUE #首振りダンス,UCp0iCvHGMwyfPHpYq7n2sPw,ATARASHII GAKKO! - 新しい学校のリーダーズ
513,ZeFpigRaXbI,"Tiara Andini, Arsy Widianto - Lagu Pernikahan Kita (Official Music Video)",UCl8TJXcR80R9ctpN0aX91bw,TiaraAndiniVEVO
514,XmWj44Ly4PU,NBA YoungBoy - We shot him in his head huh [Official Music Video],UClW4jraMKz6Qj69lJf-tODA,YoungBoy Never Broke Again
515,E3H8LTIff7k,YoungBoy Never Broke Again - Bnyx Da Reaper (Official Music Video),UClW4jraMKz6Qj69lJf-tODA,YoungBoy Never Broke Again
516,eKpIqkxtvNA,Sharma Boy &quot;Laftii nagaa &quot; (Official Music Video) 2024,UCBhPZ6lnTfQZn0bvARil-Xg,Sharma Boy
517,HcQTWq7Sea0,That Mexican OT &amp; DaBaby - Point Em Out (Official Music Video),UC4cvpsB_dAX8i5vdaBB-96w,That Mexican OT
518,y6iMvNkAQt4,Zerb - Mwaki (Feat. @Sofiya_Nzau) [Official Music Video],UCh-FEb3UAyI48uUmE6dMTwg,Zerb
519,Dsv9EAuW5H8,"USHER, Pheelz - Ruin (Official Music Video)",UCU8hEdjK8u27TM7KA8JVIEw,UsherVEVO
520,XhRs6fo-iRw,Hussam Allabad - Shokran (Official Music Video) | حسام اللباد - شكراً,UCBI1BhMeYSNSREsHkgQekXQ,حسام اللباد Hussam Allabad
521,cbxMhZCZohE,HAATH VARTHI w @KSHMRmusic  Official Music video Dropping tomorrow 12 PM !! 🏃 🏃 🚨🚨,UC_Q-YjEXDN0ufkU4AoWhU1g,MC STΔN
522,Yx6um89NRAQ,Energy [ 分合 Reunite ] Official Music Video,UC7ovu6a8ydIbDy0fAKmoZ9A,相信音樂BinMusic
523,CpqMwYdOd7E,Phone Mila Ke - Official Music Video | @raftaarmusic #trendingshorts #shortsvideo #dance,UC56gTxNs4f9xZ7Pa2i5xNzg,Sony Music India
524,qQujA8u1zGI,Sushant KC - Parkha Na ft. Jhuma Limbu (Official Music Video),UCAM35Xuk2-GM4Mb8g0MGSZw,Sushant KC
525,cESPACytV4E,Lil Yachty - A COLD SUNDAY (Official Music Video),UCNTu7P3IyRRKJtibrrXG0Yg,lil boat
526,-C8FccxPoMU,Faded (Raw) Official Music Video - Illest Morena,UC5vyCrDzr4-DOUqML3vUC3Q,Illest Morena
527,e6nbkDdvvks,Kodak Black - 11am In Malibu [Official Music Video],UChEYVadfkMCfrKUi6qr3I1Q,Kodak Black
528,YF1io-WkIzU,Machine Gun Kelly - PRESSURE (Official Music Video),UCUs8sGiP4avNaYNVO22INhQ,Machine Gun Kelly
529,fg_VkkPlPzk,DPR ARTIC - Do or Die Feat. DPR IAN (Official Music Video),UCtG5oKSlksz-QmD_2uI4WBw,Dream Perfect Regime
530,smIFEBaYaUk,Baby Calm Down Remix | Rema &amp; Selena Gomez official music video #Rema #Calmdown #Selenagomez #shorts,UCZkXjaC52jvC-lnNkAfeVZQ,Music Battle AM4
531,DDtcdA9cXxA,MOHA K FT DYSTINCT - DARBA 9ADIYA (OFFICIAL MUSIC VIDEO),UCxpQ8_HK9NSSXXNiBaSiaLg,LOVY MASHAIRI (HAMZAH)
532,OsuMuErGLLk,"TOQUEL, LILA - ALLOU (Official Music Video)",UCuR4lL9oMNITJuULQZvTfVQ,Toquel
533,5IS53CZjT6o,The Warning - S!CK (Official Music Video),UCsamgRK22BoNutp-yr1i-3Q,TheWarningVEVO
534,qaojh8Cz-4A,Official Music #video | Dahej Na Mili | Shilpi Raj | Vijay Chauhan | #bhojpuri Song,UCW91g3oy4NPPkhvptikjsbg,Ishtar Bhojpuri
535,r9O2RNqAYao,THE ROOP - Simple Joy (Official Music Video) (Eurovision 2024),UCW1GmySsf3u-GJpkEH_kIAA,THE ROOP
536,PffSUpq-16I,WEST. - REWARD［Official Music Video（Short Ver.）］,UCR0UabnHWweW4AU_j_0A_tw,WEST.
537,wZFH67mnags,My Lady - Rayvanny X Reekado Banks X Lexsil (Official Music Video),UCo7hxTE3HeKVuu4K7N0dMYQ,Rayvanny
538,Bq6Hcbbe0fs,Machine Gun Kelly - PRESSURE (Official Music Video),UCUs8sGiP4avNaYNVO22INhQ,Machine Gun Kelly
539,b6DSdOlB4d0,"DEREK - Vivências do Trap (feat. Jé Santiago, Yunk Vino) [Official Music Video]",UCu7O9lAbeZp3WW96Lf5Xk7g,TTF
540,0kh-xPvsVds,&#39;traitor&#39; official music video (with lyrics) - Olivia Rodrigo,UCA5_IBWXEN8gd0ylJvBTWSg,Universal Music Singapore
541,WvwDLmSZfOI,Devil ( Official Music Video ) | Warning 2 | Gippy Grewal | JP47 | Prince KJ | New Punjabi Song 2024,UCSdWkYk9pk3DHTXbof_R7XQ,Saregama Punjabi
542,g655MgOU3ts,XG - SHOOTING STAR (Official Music Video) Highlight #2,UC12HMtO5MYph9dCZZ7yygng,XG
543,1g_fHPyC974,Punsang Appun // Teaser Brishtisikha // Banmali //  New Mising Official Music Video Coming Son 2023,UC_I_VcN-MM9TtMXepCYUqYg,STUDIO OBONORI
544,Sgnvq0fhGHA,ĐI CHÙA CẦU DUYÊN - ĐỨC PHÚC | OFFICIAL MUSIC VIDEO | VALENTINE 2024,UCVIIa6OL-FautUqhHjAoz_A,ĐỨC PHÚC OFFICIAL
545,P7bVX6fJfCg,Omoinotake | 幾億光年 【Official Music Video】,UChAvPodXlmkw8KSCw1XigMQ,Omoinotake
546,S-JsFRflRUs,FABIO ASHER - BERHARAP KAU KEMBALI (OFFICIAL MUSIC VIDEO),UCNG1v1YvTVKjUJk3VSdZiiA,Fabio Asher
547,VjfLG8GwtJQ,Wiz Khalifa - Soak City Freestyle [Official Music Video],UCVp3nfGRxmMadNDuVbJSk8A,Wiz Khalifa
548,5h7Mpwz5Stc,Bktherula - CRAYON (Official Music Video),UCqEpkhhjzs37FX1b4d3yUqw,Bktherula
549,uuK1bNNOhrM,Tiësto x FAST BOY - All My Life (Official Music Video),UCPk3RMMXAfLhMJPFpQhye9g,Tiësto
550,S-JsFRflRUs,FABIO ASHER - BERHARAP KAU KEMBALI (OFFICIAL MUSIC VIDEO),UCNG1v1YvTVKjUJk3VSdZiiA,Fabio Asher
551,VjfLG8GwtJQ,Wiz Khalifa - Soak City Freestyle [Official Music Video],UCVp3nfGRxmMadNDuVbJSk8A,Wiz Khalifa
552,5h7Mpwz5Stc,Bktherula - CRAYON (Official Music Video),UCqEpkhhjzs37FX1b4d3yUqw,Bktherula
553,uuK1bNNOhrM,Tiësto x FAST BOY - All My Life (Official Music Video),UCPk3RMMXAfLhMJPFpQhye9g,Tiësto
554,Edig5y5ICV0,Ace Frehley - Walkin&#39; on the Moon (Official Music Video),UCDCu0bwocqWVSnh5Gh-4TkQ,Ace Frehley
555,sKbd_RBK6Ls,"Azawi, Konshens - Summer Bae (Official Music Video)",UCdNenYh83P-VLiIQn5kNj0w,AzawiVEVO
556,5YKI576zkTU,BETRAND PUTRA ONSU - SULIT ( OFFICIAL MUSIC VIDEO ),UCg8vVg3RliWcvnlbsI1AzMw,MOP Music Channel
557,FY1anCxwD2o,Shinta Arsinta - BERPISAH DIUJUNG JALAN (Official Music Video ANEKA SAFARI),UCmB1_agPlXbbwTCPKEuwEKA,Aneka Safari Records
558,kkC66u73kf8,Squash - Money Boy (Official Music Video),UCLLZ9Yz4iZhZWzD4UKuCSsw,SquashVEVO
559,ztaDTZVOwFc,From Ashes To New ft. Chrissy from Against The Current - Barely Breathing (Official Music Video),UCqh8RdUfSR9lGyasBhM_bjA,Better Noise Music
560,jV3GwXkcpzI,Uria Novita - Dek Ulah Slot (Official Music Video),UC5oJ3wCjsUsMHLUp7oN8AMA,Koko Record HD
561,H0pjNtTOZ_g,アイナ・ジ・エンド - 宝者 [Official Music Video]（TBS系 日曜劇場「さよならマエストロ～父と私のアパッシオナート～」主題歌）,UCFPb0Vc0Cjd3MpDOlHPQoPQ,アイナ・ジ・エンド Official
562,AQY4W_cL9D0,‘reason’ official music video is out now on YouTube,UCSUVM9Ygr6AI5Eje5BnFhtw,Omah Lay
563,mCjUEQeCJT0,Young Drummer Boy x Rowdy Racks - R.I.P Official Music Video,UC5_wGTUzXiafJ6E_XRTK2fw,Young Drummer Boy
564,3Ji9cpP3ydY,Έλλη Κοκκίνου - Μισοτελειωμένη - Official Music Video,UCE2a9E3B2EjO0_rg2mgVmlg,PanikRecordsTube
565,nZvzgtTfmTQ,&quot;CORRECT&quot; BY DOMINION (Official Music Video),UCHVTpHXp43Giiwag5s6o8xQ,THE WAJESUS FAMILY
566,QUTB_gWC7K8,Kes x Tano - Miracle (Official Music Video),UCcrD4bSGlvWGm1Bu1YFiLFQ,Kes The Band
567,2S8PHrTZubg,A-JEY - YA LAYLI (Official Music Video) 2024 اي جاي - ياليلي (فيديو كليب حصري),UC8qFXetjbDXJW4PDtijJ6Xg,A-JEY
568,SJnIJDo-YWw,"Jon Pardi, Luke Bryan - Cowboys and Plowboys (Official Music Video)",UCHCpzIojIqaV_NL2RUp237g,JonPardiVEVO
569,vjL07PZAyG4,Busy Signal - Missing You A Lot (Official Music Video),UC0bR6IESMTrWAKcw1qSsUpg,BusySignalRealVEVO
570,bA0tM9sRP3s,Onesimus - Bygones ( Official Music Video),UCdSOLxBPh0picyRnAk_AVZQ,Onesimus Muzik
571,-7VMtW5f3pU,Skeng - 24 (Official Music Video),UCI8XzkDP8ZrWUxEMfTe-SWQ,Skeng
572,vM9cnp_JDIA,TUMARIMA - ADE ASTRID X GERENGSENG TEAM (OFFICIAL MUSIC VIDEO) | KURING JEUNG ANJEUN LAIN JODONA,UCzxLFG_G8UwCB4hKrOnSWDg,SEMBADA MUSIC
573,GjzXAmK9mts,Yaya Nadila - Takdir Cinta Berakhir Luka ( Official Music Video ),UCC_0cYPiMVE9d8LyRPTsntg,Yaya Nadila Official
574,fbqkp9gUSu8,"Camylio - high, high, high (Official Music Video)",UCbdB3kE0Xp5elOTuXMP7v3Q,CamylioVEVO
575,5N1c5pcw4PA,Watch#Rema’s Brand New  HOLIDAY Official Music Video Now on YouTube,UC2g8yvxi_X5GxyEor9L1KNA,MavinRecords
576,xXbgdA8u5UE,YB Neet - Playaz diary (Official Music Video),UCIXS6lb0PDdcQFozoypclWg,Young Blood Neet
577,pAGgfphiDgM,Stunna Gambino - Chain Smokin (Official Music Video),UCguOe7HoyNgXO23yx8NyXtQ,Stunna Gambino
578,YgLGEQI2zio,Sauce Twinz - &quot;Bird Nest&quot; (Official Music Video),UC-DvFzPJuX70UaezpoSLnow,SauceDatTV
579,pE27H30tKEM,PLAYERTWO Feat. FELIP - Pagdali (Official Music Video),UCEkNV7TCRVlIx4FrW424afw,PLAYERTWO
580,IZAbevA0kt8,Hiphopologist X Vinak X Kagan - Irani Turkish ( Official Music Video ),UCmlJROQjTSiaa32jCRhcjVw,Vinak
581,WbdXE70HvSI,LAIJANAY CHHU TIMILAI - AAYUSH MAGAR | FT. MANIKALA GURUNG (OFFICIAL MUSIC VIDEO),UC6-l5IjGQAk853SGQg4BxvA,AAYUSH MAGAR
582,BqXeHO47WDo,Ilhomjon Mahkamov - Pulim yetmaydi (Official Music Video),UCkaUg9b9LplVoJdx1JwwyOg,NevoMusic
583,MFCyvo502YQ,Crazy Frog - Axel F (Official Music Video) 2K21 HD,UCrSzFBLHjY7Xfjn1TgL2JtA,Axel F
584,BlrHygenf38,Foufa Torino - Marteau (Official Music Video),UCO0nbdaXhnLgVG97PWDRt1w,FouFa Torino
585,vw596eA2EWw,Baby Calm Down Full HD Selena Gomez Rema Official Music ⛲ Video Multi Color Alien Part#aliendance,UCedz9470QJBEkfNTzTPtdRA,CRAZZY ALIENZ
586,khoakEsGBqA,"Uncle Murda - Rap Up 2023, Pt. 3 (Official Music Video)",UC-yXuc1__OzjwpsJPlxYUCQ,WORLDSTARHIPHOP
587,bNbrUJqJmAg,LinoG - TUZA ft Sat-B (Official Music Video),UC5AplB8THLND3Dm3V_8c6RA,LinoG Umvukuri
588,TRUKfFBecK4,Soulja Boy - Left Right (Official Music Video),UCbpqhOEGlI-1lS4GfAeV2vA,Soulja Boy
589,2jx8kbwAcnE,Crazy Frog - Axel F (Official Music Video) [2024],UCrSzFBLHjY7Xfjn1TgL2JtA,Axel F
590,Q1YjSD9vEoY,SSGKobe - C (Official Music Video),UCiF_zaa_vIh5SvsdzWqUabg,SSGKobeVEVO
591,A6Y5VygnaDU,"Kiesza, Sugar Jesus - Heaven Ain&#39;t Calling (Official Music Video)",UCnxAmegMJmD6Ahguy7Lz8WA,KieszaVEVO
592,lLtUhBEqbjU,ของเล่น - Miiw Jydaa X Da.Ddy [Official Music Video],UCstW33K_SCdYvhrt-U8tnmg,GasHopper 
593,0Iiyb42z_dk,Roze Don - One &amp; Ready (Official Music Video),UCSju7sMu0zfON77labA8kBA,RozedonVEVO
594,1mMyUEqOB6I,Gary Clark Jr. - MAKTUB (Official Music Video),UCqOvoj8ToHKN5YzyBGZCgUQ,garyclarkjr
595,-sv8wyhXDSE,Dannii Minogue &amp; Autone - Thinking ‘Bout Us (Official Music Video),UCmkwVYt4Q-JsV-OT7D9Y--A,Central Station Records
596,IAbzondzkEw,"Taarekh Pe Taarekh - Official Music Video | Raj Barman, Drishti Thakur | Sham Balkar | Kumaar",UCFFbwnve3yF62-tVXkTyHqg,Zee Music Company
597,_xAKkkHmm9M,Smoove’L - How TF (Official Music Video),UC-yXuc1__OzjwpsJPlxYUCQ,WORLDSTARHIPHOP
598,WKkBvFZy6gE,TX2 - Burn (Official Music Video),UC_NfSrnFhWRMXV0yQLQS8Ig,TX2 OFFICIAL
599,aE6y3NBMnqQ,50jittsteppa - I Know (Official Music Video),UC-yXuc1__OzjwpsJPlxYUCQ,WORLDSTARHIPHOP
600,aE6y3NBMnqQ,50jittsteppa - I Know (Official Music Video),UC-yXuc1__OzjwpsJPlxYUCQ,WORLDSTARHIPHOP
601,EcSOja6I6TY,Laura day romance / Young life (official music video),UCgtN9p51MAssq80tlCpvitQ,Laura day romance
602,bjnv95ur3j0,Haitham Nabil -  Kan Leena Nas | Official Music Video 2024 | هيثم نبيل  - كان لينا ناس,UCNhqvQMXIgRfjAGmxQqdNRw,Rotana
603,yOEC-dOZD30,1NightStan - Rain On Me (Official Music Video),UCazdzua79xHjlW3N7WyuH2Q,Run Music
604,TBeuypQhXME,Pertama Kali dibawa Konser - NYEKSO BATIN - Niken Salindry (Official Music Video ANEKA SAFARI),UCmB1_agPlXbbwTCPKEuwEKA,Aneka Safari Records
605,29Vxlsdp2UE,J.K. Mac - &quot;No Love&quot; Official Music Video Out Now!,UCIeNgrV4A2zIPoGtNgnnv3g,J.K. Mac
606,O1UuFIC_ttA,Portugal. The Man - Grim Generation (Official Music Video),UC0TobZSDyMaXaoVK_9TcPHA,Portugal. The Man
607,F8ZoLrdpAro,KISINAN 2 - Fida AP X James AP (Official Music Video),UC7j8vxLne5824sNmXwkSIJA,Rumah Musik Kita
608,KHfZ4xHX5TU,Jay Jay Cee ft Rashley - Ndidzatopa ( Official Music Video ),UCgT99SKpnn5SOS9hydET_KA,Jay Jay Cee Mw
609,9ccusEPVkYQ,RUBAY - ILYEN A BOKSZOLÓ VÉR (Official Music Video),UCWVIScObzqIHzplRgDzZX2Q,House of Bedlam Records
610,_63ShFaYFFw,ロクデナシ「あやふや」/ Rokudenashi - Ambiguous【Official Music Video】,UCRlRgAguUGfWD4EDfBUls4w,ロクデナシ -Rokudenashi-
611,kgS3-Bt6aXA,4s4ki – Magic sword (Official Music Video),UCTuo6I2Q1teqRELGO_cQJeA,4s4ki
612,i_qr5P5iUDw,The City - Remember ( Official Music Video) avail now!!,UCthbbJbrJnfga-4p7fY22Lw,The City
613,L085Yg9nDmM,The official music video for “And So It Went” came out two years ago today 👑,UCrrhJmM3H7eyxrevc4lpRIw,The Pretty Reckless
614,eG0tEPA80D0,ATG BabyCeo - Tried It (Official Music Video),UClA59lwfmEQrkfSA807l13g,Atg BabyCeo
615,cjxzs73KBno,DEEQSAN ABDINASIR  ( NASIIB QORAN ) OFFICIAL MUSIC VIDEO  2024,UCvqDWfM9fpn-ibMCk12iJTQ,Deeqsan Official
616,ISwYdydnuxc,Kanye West - TALKING / ONCE AGAIN (Official music video),UCg6jg7U7sbyvrJHHTHWj6cA,Hip Hop Nerd
617,PRlfmNFIcOs,Rangjak Ni Bagwi || Mta Golku | New Kokborok Official Kaubru Music Song Video Kaubru Song Full Music,UCoeBPuUV8jL4IeLy1KzcGGw,Kokborok Vs Video (Kv)
618,BMsB4CP82vs,Fabolous - Freestyle (Official Music Video),UC8FBSwTMNTIUmHdzjIkdRew,FleelifestyleTV
619,JTZ21Jc9Zq4,Tyla - Truth or Dare (Official Music Video) #reaction #explore #youtubeshorts #tyla #shorts #fyp,UC5TmCV7RSoJVmehPUOw4cNg,SkyHigh Vibez
620,r6agHhMi8IQ,Tyla - Truth or Dare (Official Music Video) #reaction #explore #youtubeshorts #tyla #shorts,UC5TmCV7RSoJVmehPUOw4cNg,SkyHigh Vibez
621,YiFnRoOIPYo,@CJCHIRAG BEATZ || BT Maza Chalu || official music video|| By mc pushya ||#new_rap  #marahi_rap #Dhh,UCWIwko4v_Rgr_A_fa-E7wcw,MC PUSHYA
622,VrR8ofcwBbo,4 February 2024 HD | Selena Gomez &amp; Rema Official Music Video 2023 k2 #shorts#viral  #you,UC7z0phMyyY4EymUEzpz56Xg,Ok Zooo
623,FLVT7aCtJts,Anti Da Menace - My Flow (Official Music Video) REACTION,UCr5ggc9LdqC3ajBof9NreCw,Lil Zooted
624,XSrbyBl7L4s,HIGHER POWER - Absolute Bloom (OFFICIAL MUSIC VIDEO),UCoxg3Kml41wE3IPq-PC-LQw,Nuclear Blast Records
625,_ziMtbjCY4k,5 February 2024 HD | Selena Gomez &amp; Rema Official Music Video 2023 k2 #shorts#viral  #you,UC7z0phMyyY4EymUEzpz56Xg,Ok Zooo
626,fAL_juFt4mM,#劉惜君 Sara Liu《#焰》【#阿麥從軍 Fighting for Love OST 電視劇片尾曲】Official Music Video #shorts,UCCZasUiMCAk7rxq4HqZjmKQ,YOYOROCK 滾石移動
627,CW8FUPC5UbA,Benighted - &quot;Scars&quot; (Official Music Video) 2024,UC5TaZWeRgdN7klKM60Hj6rQ,Season of Mist
628,5JMtNgxms4U,4 February 2024 HD | Selena Gomez &amp; Rema Official Music Video 2023 k2 #shorts#viral  #you,UC7z0phMyyY4EymUEzpz56Xg,Ok Zooo
629,CnxVUwJdBtI,SUMAN DOLEY NEW OFFICIAL MUSIC VIDEO SONG CAMING SOON &quot;____🌺🌺🌺🌹🌹🌺🥀🙏🙏👍👍,UCTouYkYsY1sUpRZFpUMaqMQ,Miri ko koneng
630,lMFxbKjbRBk,Take a look at the official music video for Growin’ Up Raising You out now 🤍 #countrymusic,UCfjPg92oOfaD60_WEyvMr7w,Gabby Barrett
631,J7r_I4fqIl8,7 February 2024 HD | Selena Gomez &amp; Rema Official Music Video 2023 k2 #shorts#viral  #you,UC7z0phMyyY4EymUEzpz56Xg,Ok Zooo
632,5wpEEuiiV1g,6 February 2024HD | Selena Gomez &amp; Rema Official Music Video 2023 k2 #shorts#viral  #you,UC7z0phMyyY4EymUEzpz56Xg,Ok Zooo
633,QGBuwUSji88,5 February 2024 HD | Selena Gomez &amp; Rema Official Music Video 2023 k2 #shorts#viral  #you,UC7z0phMyyY4EymUEzpz56Xg,Ok Zooo
634,cg_RCA3j1nU,4 February 2024 HD | Selena Gomez &amp; Rema Official Music Video 2023 k2 #shorts#viral  #you,UC7z0phMyyY4EymUEzpz56Xg,Ok Zooo
635,JE0Bz_4W2Vg,6 February 2024 HD | Selena Gomez &amp; Rema Official Music Video 2023 k2 #shorts#viral  #you,UC7z0phMyyY4EymUEzpz56Xg,Ok Zooo
636,FVAAPTeoukI,“Heart Shaped Hole” Official Music Video! I can’t wait for you to see it! 📹🤎 #officialmusicvideo,UCIs7qeAflBdwK9iCBWXd2zQ,Sarah Ames
637,ONWERjmWPjg,Ybxrds - Gemini (Official Music Video) OUT NOW! #music #newmusic #upcomingartist #musicvideo,UCJb61pIr1VPusJBHmJSQPBA,Ybxrds
638,gxwKBpdin0Y,SONATA ARCTICA - Dark Empath (Official Music Video),UCqjP5TCnGhgJpLmndJhoJwg,Reigning Phoenix Music x Atomic Fire
639,4lpg1M7K9KU,Στέλλα Γεωργιάδου – Voodoo | Official Music Video (4K),UCvCdRenyR3FWtJIQeoKsHlA,Heaven Music
